"acct_no","card_no","cust_name","uid","mob_phone","mge_org","recom_no","mp_number","mp_type","mp_status","purch_date","purch_mth","total_amt","total_mths","mth_instl","instl_cnt","rem_ppl","total_fee","rem_fee","rec_fee","etl_dt"
"0051218838","6228151354959813",佟茂弯,"320926197110128638","18352029929","""""","""""","0001",大额分期,活动,"20211022","10",40000.00,36,1111.11,4,35555.56,4800.00,0.00,4800.00,"2022-03-08"
"0050479094","6228151354147930",明茂弯,"320926197508225702","15995171012","""""","""""","0001",大额分期,活动,"20200624","06",100000.00,36,2777.78,20,44444.40,12000.00,5333.40,6666.60,"2022-03-08"
"0050009734","6228151354672796",晋辰汪,"32098219811105076X","15862074449","""""","""""","0001",大额分期,活动,"20191224","12",130000.00,36,3611.11,26,36111.14,15600.00,0.00,15600.00,"2022-03-08"
"0050659391","6228151354905741",向鹿杏,"320926197603222710","18951546911","""""","""""","0001",大额分期,活动,"20200914","09",55000.00,36,1527.78,18,27499.96,6600.00,0.00,6600.00,"2022-03-08"
"0051252431","6228151354910972",龚络络,"420607199303029086","19951017790","""""","""""","0001",大额分期,活动,"20220124","01",63300.00,36,1758.33,1,61541.67,7596.00,7385.00,211.00,"2022-03-08"
"0000334648","6228159979317622",贺邯逖,"32098219910712859X","15261955677","""""","""""","0005",账单分期,活动,"20211010","10",1440.00,6,240.00,5,240.00,50.40,8.40,42.00,"2022-03-08"
"0000406820","6228159856560625",曲亦赴,"320911199003091483","13851040410","""""","""""","0013",账单分期,活动,"20211109","11",3657.00,6,609.50,4,1219.00,128.00,42.68,85.32,"2022-03-08"
"0050995574","6228151354965679",薛宅,"320982198710059870","18752228333","""""","""""","0001",大额分期,活动,"20210207","02",200000.00,36,5555.56,13,127777.76,24000.00,15333.41,8666.59,"2022-03-08"
"0000001912","6228159353008623",贺驻,"32092619650425937X","13222334455","""""","""""","0004",大额分期,活动,"20211222","12",95000.00,36,2638.89,2,89722.22,11400.00,0.00,11400.00,"2022-03-08"
"0050273287","6228151354118014",宫赴勇,"330624199002249397","13390670023","""""","""""","0002",大额分期,活动,"20201026","10",116025.00,36,3222.91,16,64458.30,9862.13,5479.00,4383.13,"2022-03-08"
"0050367720","6228151354127429",陶斩,"320982199310210708","15901719297","""""","""""","0001",大额分期,活动,"20200409","04",110000.00,36,3055.56,23,39722.21,13200.00,0.00,13200.00,"2022-03-08"
"0050991751","6228151354954459",范辑吁,"320982198802143519","18796528030","""""","""""","0001",大额分期,活动,"20210127","01",200000.00,36,5555.56,13,127777.76,24000.00,0.00,24000.00,"2022-03-08"
"0000183420","6228159230760628",晃唤汪,"330703196907059176","15961957169","""""","""""","0001",大额分期,活动,"20190823","08",95900.00,36,2663.88,30,15983.31,11508.00,0.00,11508.00,"2022-03-08"
"0000298325","6228159561869626",乔骜,"320982199408113500","15995170189","""""","""""","0003",账单分期,活动,"20210605","06",4455.00,12,371.25,9,1113.75,311.85,0.00,311.85,"2022-03-08"
"0000241462","6228159543788621",施缭缭,"320982199607064625","18248773171","""""","""""","0001",大额分期,活动,"20201130","11",100000.00,36,2777.78,15,58333.30,12000.00,0.00,12000.00,"2022-03-08"
"0000256102","6228159586178623",丛穗,"320982199208134390","13770150305","""""","""""","0001",账单分期,活动,"20210701","07",4489.00,12,374.08,8,1496.34,314.23,0.00,314.23,"2022-03-08"
"0050031602","6228151354605507",乔唐冀,"330122199101228292","15261971211","""""","""""","0002",账单分期,活动,"20220118","01",13545.63,6,2257.61,1,11288.02,474.10,395.09,79.01,"2022-03-08"
"0000273496","6228159510742627",赖败巡,"320982198511100391","13851310871","""""","""""","0001",账单分期,新增的,"20220306","03",4400.00,3,1466.67,0,4400.00,70.40,70.40,0.00,"2022-03-08"
"0050042355","6228151354661575",颜爹嘟,"330624199111226397","17768232233","""""","""""","0002",账单分期,活动,"20211101","11",10800.00,12,900.00,4,7200.00,756.00,504.00,252.00,"2022-03-08"
"0050270206","6228151354110193",樊末邢,"320926197109054512","15312890918","""""","""""","0001",大额分期,活动,"20200603","06",119000.00,36,3305.56,21,49583.32,14280.00,0.00,14280.00,"2022-03-08"
"0051157998","6228151354959193",路沦痴,"532328198008045620","18066009348","""""","""""","0001",大额分期,活动,"20210723","07",110000.00,36,3055.56,7,88611.09,13200.00,0.00,13200.00,"2022-03-08"
"0051155806","6228151354958617",施赵忿,"320982200009132718","18262868879","""""","""""","0002",账单分期,新增的,"20220218","02",1642.00,12,136.83,0,1642.00,114.94,114.94,0.00,"2022-03-08"
"0050958501","6228151354967352",贺棉闭,"320982198906108582","18452567134","""""","""""","0001",大额分期,活动,"20210113","01",40000.00,24,1666.66,14,16666.65,2400.00,0.00,2400.00,"2022-03-08"
"0050355221","6228151354122180",贺鹿痴,"320982199612250326","15261950867","""""","""""","0001",大额分期,活动,"20200324","03",40000.00,24,1666.67,23,1666.66,3200.00,0.00,3200.00,"2022-03-08"
"0051065176","6228151354951166",樊邯妃,"320982199904038618","17551560949","""""","""""","0001",大额分期,活动,"20210401","04",174000.00,36,4833.33,11,120833.37,20880.00,14500.00,6380.00,"2022-03-08"
"0050548382","6228151354972501",贺斩,"320926196512285623","13851003808","""""","""""","0001",大额分期,活动,"20200803","08",300000.00,36,8333.34,19,141666.69,36000.00,0.00,36000.00,"2022-03-08"
"0050750451","6228161392652007",饶妃败,"411403199911130666","16651546590","""""","""""","0002",账单分期,活动,"20210811","08",2180.21,12,181.69,7,908.42,152.61,0.00,152.61,"2022-03-08"
"0050494803","6228151354978474",欧磷悲,"320911199101089993","13390670388","""""","""""","0001",大额分期,活动,"20200716","07",67135.00,36,1864.86,20,29837.80,5706.48,2536.28,3170.20,"2022-03-08"
"0050965647","6228151354950341",易宽唐,"320911198806172119","18962081076","""""","""""","0001",大额分期,活动,"20210222","02",300000.00,36,8333.33,12,200000.04,36000.00,24000.00,12000.00,"2022-03-08"
"0050000911","6228151354670303",庄贯谷,"330624198511018373","15061625799","""""","""""","0003",账单分期,活动,"20210712","07",7568.16,12,630.68,8,2522.72,529.77,0.00,529.77,"2022-03-08"
"0050320617","6228151354191482",赖帝宏,"320926197009072094","15862072497","""""","""""","0001",大额分期,活动,"20200109","01",166000.00,36,4611.11,26,46111.14,19920.00,0.00,19920.00,"2022-03-08"
"0050174936","6228151354699591",景茂剑,"330381198007022227","13851018877","""""","""""","0001",大额分期,活动,"20190902","09",100000.00,36,2777.77,30,16666.65,12000.00,2000.04,9999.96,"2022-03-08"
"0000001912","6228159353008623",贺驻,"32092619650425937X","13222334455","""""","""""","0003",大额分期,活动,"20190927","09",50000.00,36,1388.89,29,9722.19,6000.00,0.00,6000.00,"2022-03-08"
"0000170683","6228159214321629",乔锋恒,"32092619770527073X","15961938166","""""","""""","0001",大额分期,活动,"20190530","05",200000.00,36,5555.56,33,16666.66,24000.00,0.00,24000.00,"2022-03-08"
"0050755186","6228161392653245",官驻龄,"320982199809063698","17372187595","""""","""""","0004",灵活分期,活动,"20211212","12",3773.00,12,314.42,3,2829.74,264.11,198.09,66.02,"2022-03-08"
"0000239181","6228159578124627",倪茂愈,"320926196612292695","18761200999","""""","""""","0001",大额分期,活动,"20191022","10",200000.00,36,5555.55,28,44444.44,24000.00,5333.36,18666.64,"2022-03-08"
"0050307646","6228151354188900",贺俩,"331081199703263381","13776106459","""""","""""","0001",账单分期,活动,"20210601","06",2893.73,12,241.15,9,723.43,202.56,0.00,202.56,"2022-03-08"
"0050822401","6228151354969234",赖剑怒,"320926197203013709","18796535629","""""","""""","0001",大额分期,活动,"20201124","11",30000.00,24,1250.00,15,11250.00,2400.00,0.00,2400.00,"2022-03-08"
"0051210272","6228151354957056",武墒珲,"412702199906201117","18339823951","""""","""""","0001",账单分期,活动,"20211231","12",2000.00,6,333.33,2,1333.34,70.00,46.68,23.32,"2022-03-08"
"0050391203","6228151354127833",霍篇龄,"320926198108164394","13401718883","""""","""""","0001",大额分期,活动,"20200512","05",125000.00,36,3472.22,22,48611.15,15000.00,0.00,15000.00,"2022-03-08"
"0051007574","6228151354958526",赖虫络,"320982199910239010","13347996123","""""","""""","0001",大额分期,活动,"20210203","02",100000.00,24,4166.67,13,45833.31,8000.00,0.00,8000.00,"2022-03-08"
"0050209411","6228151354644332",向败患,"320982198401030679","18761206668","""""","""""","0001",大额分期,活动,"20191217","12",28000.00,36,777.78,27,6999.97,3360.00,0.00,3360.00,"2022-03-08"
"0050042355","6228151354661575",颜爹嘟,"330624199111226397","17768232233","""""","""""","0001",账单分期,活动,"20210405","04",15750.00,12,1312.50,11,1312.50,1102.50,0.00,1102.50,"2022-03-08"
"0000063094","6228159300646624",贺颗,"320982198606269325","13770235553","""""","""""","0010",灵活分期,活动,"20211212","12",6100.00,6,1016.67,3,3049.99,213.50,106.76,106.74,"2022-03-08"
"0050312486","6228151354189056",谈旱驻,"320926198103221812","13815544363","""""","""""","0001",大额分期,活动,"20191212","12",50000.00,36,1388.89,27,12499.97,6000.00,0.00,6000.00,"2022-03-08"
"0051155806","6228151354958617",施赵忿,"320982200009132718","18262868879","""""","""""","0001",账单分期,活动,"20210818","08",3593.95,12,299.49,6,1796.97,251.58,0.00,251.58,"2022-03-08"
"0000472227","6228159817963629",樊龄剑,"320926197811050327","18949761591","""""","""""","0003",账单分期,活动,"20211129","11",2703.00,6,450.50,3,1351.50,94.61,47.31,47.30,"2022-03-08"
"0050045034","6228151354666004",常赴勇,"412722199604030768","15221412363","""""","""""","0001",账单分期,活动,"20211012","10",4400.00,12,366.67,5,2566.65,308.00,179.69,128.31,"2022-03-08"
"0050859138","6228151354962346",陶滨炎,"320982198608284625","18352029152","""""","""""","0001",大额分期,活动,"20201130","11",200000.00,36,5555.56,15,116666.65,24000.00,0.00,24000.00,"2022-03-08"
"0050965845","6228151354954186",屈吁唐,"320982199812270516","15371165367","""""","""""","0001",大额分期,活动,"20210115","01",115000.00,36,3194.44,14,70277.79,13800.00,8433.38,5366.62,"2022-03-08"
"0050664778","6228151354905915",殷恒恒,"330702198312088042","14762227521","""""","""""","0001",大额分期,活动,"20200922","09",50000.00,24,2083.34,17,14583.34,4000.00,0.00,4000.00,"2022-03-08"
"0050282742","6228151354113221",乔敦患,"320926197907089066","13925824991","""""","""""","0001",账单分期,活动,"20210811","08",4498.00,12,374.84,7,1874.17,314.86,0.00,314.86,"2022-03-08"
"0050624730","6228161392675131",常瘫,"320982199603031244","13851010921","""""","""""","0001",账单分期,活动,"20210911","09",2815.18,12,234.60,6,1407.58,197.06,98.54,98.52,"2022-03-08"
"0050325422","6228151354193116",殷坟携,"330703197808274369","13092153333","""""","""""","0001",大额分期,活动,"20200117","01",230000.00,36,6388.89,26,63888.86,27600.00,7666.70,19933.30,"2022-03-08"
"0050251428","6228151354163267",樊宅,"330624199306249396","18068866799","""""","""""","0001",灵活分期,活动,"20200506","05",10000.00,24,416.66,22,833.33,1440.00,0.00,1440.00,"2022-03-08"
"0050311625","6228151354189221",樊辑驳,"320926197708264626","13813417445","""""","""""","0001",大额分期,活动,"20191206","12",100000.00,36,2777.78,27,24999.97,12000.00,0.00,12000.00,"2022-03-08"
"0050772921","6228161392610708",臧添休,"320982198708182394","13912525838","""""","""""","0001",大额分期,活动,"20201126","11",50000.00,36,1388.89,15,29166.65,6000.00,0.00,6000.00,"2022-03-08"
"0000408655","6228159851339629",樊巡巡,"320982198605070517","13485270868","""""","""""","0001",大额分期,活动,"20190425","04",54000.00,36,1500.00,34,3000.00,6480.00,0.00,6480.00,"2022-03-08"
"0050834520","6228161392617232",易混碗,"320982199707171292","17714836662","""""","""""","0001",账单分期,活动,"20211111","11",2800.00,6,466.66,4,933.33,98.00,32.68,65.32,"2022-03-08"
"0000429727","6228159828263621",陶卵,"320926196003159303","13485272825","""""","""""","0001",大额分期,活动,"20190528","05",50000.00,36,1388.89,33,4166.65,4500.00,0.00,4500.00,"2022-03-08"
"0050849921","6228151354962072",向筛,"320982199212121795","15851006022","""""","""""","0001",大额分期,活动,"20201127","11",120000.00,36,3333.34,15,70000.03,14400.00,0.00,14400.00,"2022-03-08"
"0000490080","6228159864620627",易邢,"331003197212106690","15952653918","""""","""""","0001",大额分期,活动,"20190720","07",110000.00,36,3055.56,31,15277.77,9900.00,0.00,9900.00,"2022-03-08"
"0050261608","6228151354156469",贺吁斩,"32092619770711073X","15862052088","""""","""""","0001",大额分期,活动,"20191101","11",160000.00,36,4444.44,28,35555.56,19200.00,4266.72,14933.28,"2022-03-08"
"0051196201","6228151354957759",安宽唐,"320911198705053575","13301412279","""""","""""","0001",大额分期,活动,"20210916","09",40000.00,36,1111.11,6,33333.34,4800.00,4000.02,799.98,"2022-03-08"
"0050953958","6228151354967873",贺勇,"320926197006274395","13131043828","""""","""""","0001",大额分期,活动,"20210119","01",120000.00,24,5000.00,13,55000.00,9600.00,0.00,9600.00,"2022-03-08"
"0050339200","6228151354129920",季萎剑,"330702198404101427","18795485885","""""","""""","0002",大额分期,活动,"20210116","01",120000.00,36,3333.33,14,73333.37,14400.00,0.00,14400.00,"2022-03-08"
"0000275855","6228159512539625",毕帐络,"320982198510014694","18261245188","""""","""""","0001",大额分期,活动,"20191217","12",140000.00,36,3888.89,27,34999.97,16800.00,0.00,16800.00,"2022-03-08"
"0050655613","6228161392604438",贺丸汪,"350126196306250587","18851484355","""""","""""","0011",账单分期,新增的,"20220218","02",1630.30,12,135.86,0,1630.30,114.12,114.12,0.00,"2022-03-08"
"0050238579","6228151354101077",樊宽赤,"320926196908230717","13584777008","""""","""""","0001",大额分期,活动,"20190927","09",85000.00,36,2361.12,29,16527.80,10200.00,0.00,10200.00,"2022-03-08"
"0000005991","6228159352044629",贺败瘫,"320926197805059843","15851018366","""""","""""","0006",账单分期,活动,"20211211","12",17682.00,12,1473.50,3,13261.50,1237.74,928.32,309.42,"2022-03-08"
"0000472227","6228159817963629",樊龄剑,"320926197811050327","18949761591","""""","""""","0004",账单分期,活动,"20220118","01",2588.14,3,862.71,1,1725.43,41.41,27.61,13.80,"2022-03-08"
"0050752004","6228151354969184",辛鹿携,"320982198207090694","15751286666","""""","""""","0001",大额分期,活动,"20210106","01",140000.00,36,3888.89,14,85555.54,16800.00,10266.74,6533.26,"2022-03-08"
"0050329598","6228151354124251",闵沿,"511827197806303390","18606266260","""""","""""","0001",大额分期,活动,"20200121","01",80000.00,36,2222.23,25,24444.47,9600.00,0.00,9600.00,"2022-03-08"
"0050559563","6228161392671726",贺鹿丕,"320982199008245504","18361602720","""""","""""","0001",账单分期,新增的,"20220218","02",15000.00,12,1250.00,0,15000.00,1050.00,1050.00,0.00,"2022-03-08"
"0000300037","6228159954653629",谷休龄,"320982199006230712","15161953955","""""","""""","0001",大额分期,活动,"20210127","01",50000.00,36,1388.89,13,31944.43,6000.00,0.00,6000.00,"2022-03-08"
"0000458543","6228159881411620",温淡患,"320982199010192376","18662056111","""""","""""","0001",大额分期,活动,"20210524","05",100000.00,36,2777.78,9,74999.98,12000.00,0.00,12000.00,"2022-03-08"
"0050916390","6228151354967972",毕辱,"320982199405259379","15396870444","""""","""""","0001",大额分期,活动,"20201223","12",100000.00,36,2777.78,14,61111.08,12000.00,0.00,12000.00,"2022-03-08"
"0050981436","6228151354954608",武硬巡,"320926196904090710","13901411493","""""","""""","0001",大额分期,活动,"20210205","02",150000.00,24,6250.00,13,68750.00,12000.00,5500.00,6500.00,"2022-03-08"
"0050251428","6228151354163267",樊宅,"330624199306249396","18068866799","""""","""""","0002",灵活分期,活动,"20200506","05",8000.00,24,333.33,22,666.67,1152.00,0.00,1152.00,"2022-03-08"
"0050785202","6228161392618677",庞颇颁,"320926195607039842","13961953246","""""","""""","0002",账单分期,活动,"20211109","11",1800.00,12,150.00,4,1200.00,126.00,84.00,42.00,"2022-03-08"
"0050112899","6228151354630448",鲁篇搭,"320982198607275399","15295369055","""""","""""","0002",灵活分期,活动,"20211114","11",7000.00,6,1166.66,4,2333.33,245.00,81.68,163.32,"2022-03-08"
"0050752343","6228151354907283",贺铝辱,"320926196605089891","13905112291","""""","""""","0001",大额分期,活动,"20201022","10",80000.00,36,2222.22,16,44444.48,9600.00,0.00,9600.00,"2022-03-08"
"0050003339","6228151354678496",瞿炎悲,"320982198810126399","13390713507","""""","""""","0001",账单分期,新增的,"20220228","02",17394.34,12,1449.53,0,17394.34,1217.60,1217.60,0.00,"2022-03-08"
"0050310011","6228151354186219",向颗,"320982199107132628","15365711413","""""","""""","0001",大额分期,活动,"20191205","12",200000.00,36,5555.56,27,49999.99,24000.00,0.00,24000.00,"2022-03-08"
"0050743753","6228151354968137",常宏涝,"540102199504019923","19802501995","""""","""""","0001",大额分期,活动,"20201110","11",91991.00,36,2555.30,16,51106.10,7819.24,4344.04,3475.20,"2022-03-08"
"0050874909","6228151354963443",陶擅痴,"330726196707285835","13365180766","""""","""""","0001",大额分期,活动,"20201202","12",200000.00,36,5555.56,15,116666.65,24000.00,0.00,24000.00,"2022-03-08"
"0000435655","6228159872339624",武儒卿,"350206199105213804","17551034779","""""","""""","0001",大额分期,活动,"20190619","06",35000.00,36,972.22,32,3888.90,3150.00,0.00,3150.00,"2022-03-08"
"0050981088","6228151354954632",莫宜溃,"330624199904151399","13337992988","""""","""""","0001",大额分期,活动,"20210121","01",790000.00,36,21944.45,13,504722.23,94800.00,0.00,94800.00,"2022-03-08"
"0000131831","6228159273554680",常筹怒,"320926196709134626","13813411168","""""","""""","0001",大额分期,活动,"20210128","01",200000.00,36,5555.56,13,127777.76,24000.00,0.00,24000.00,"2022-03-08"
"0050339200","6228151354129920",季萎剑,"330702198404101427","18795485885","""""","""""","0001",大额分期,活动,"20200304","03",240000.00,36,6666.66,24,79999.98,28800.00,0.00,28800.00,"2022-03-08"
"0050329829","6228151354128518",霍巡巡,"320982198505042519","13584777478","""""","""""","0001",大额分期,活动,"20200121","01",28000.00,36,777.78,25,8555.52,2940.00,0.00,2940.00,"2022-03-08"
"0050655613","6228161392604438",贺丸汪,"350126196306250587","18851484355","""""","""""","0005",账单分期,活动,"20210519","05",2288.28,12,190.69,9,572.07,160.18,0.00,160.18,"2022-03-08"
"0050933096","6228151354967071",陶败庐,"320926197202262703","18912520664","""""","""""","0001",大额分期,活动,"20210106","01",150000.00,36,4166.66,14,91666.63,18000.00,11000.00,7000.00,"2022-03-08"
"0050318238","6228151354190906",严稍,"330701199105171749","15851105546","""""","""""","0001",大额分期,活动,"20191217","12",60000.00,36,1666.67,27,14999.98,7200.00,0.00,7200.00,"2022-03-08"
"0000472227","6228159817963629",樊龄剑,"320926197811050327","18949761591","""""","""""","0001",灵活分期,活动,"20211011","10",2480.00,6,413.34,5,413.33,86.80,14.47,72.33,"2022-03-08"
"0050572160","6228151354908653",滕畛墒,"320982199307269151","18251823897","""""","""""","0004",账单分期,活动,"20211008","10",1050.00,6,175.00,5,175.00,36.75,6.13,30.62,"2022-03-08"
"0050928376","6228151354967030",常颗骆,"320982200207079348","13174032019","""""","""""","0001",大额分期,活动,"20210108","01",100000.00,36,2777.78,14,61111.08,12000.00,0.00,12000.00,"2022-03-08"
"0000439384","6228159878826624",武攫攫,"320982199103043345","15851008916","""""","""""","0001",大额分期,活动,"20190607","06",200000.00,36,5555.56,33,16666.66,24000.00,2000.01,21999.99,"2022-03-08"
"0000406796","6228159856242620",鲁筹患,"320926196203294681","15961958788","""""","""""","0001",大额分期,活动,"20190417","04",180000.00,36,5000.00,35,5000.00,21600.00,0.00,21600.00,"2022-03-08"
"0050642980","6228151354907259",武吁茂,"320926197203220628","15251088721","""""","""""","0001",大额分期,活动,"20200905","09",50000.00,24,2083.33,18,12500.01,4000.00,0.00,4000.00,"2022-03-08"
"0050893454","6228151354969911",翟败勇,"330701197712082597","15250512977","""""","""""","0001",大额分期,活动,"20210119","01",78997.00,36,2194.36,13,50470.32,6714.75,4289.99,2424.76,"2022-03-08"
"0000412526","6228159897462625",文勇,"320982198804268593","18061417886","""""","""""","0001",灵活分期,活动,"20200905","09",3000.00,24,125.00,18,750.00,432.00,0.00,432.00,"2022-03-08"
"0050432292","6228151354149670",贺驱屏,"33070219870420142X","18994423488","""""","""""","0001",大额分期,活动,"20200610","06",89513.00,36,2486.48,21,37297.12,7608.61,3170.26,4438.35,"2022-03-08"
"0000315627","6228159992363629",贺搭,"320982199202129398","13390697081","""""","""""","0001",账单分期,活动,"20210819","08",3587.00,12,298.91,6,1793.49,251.09,125.57,125.52,"2022-03-08"
"0050112899","6228151354630448",鲁篇搭,"320982198607275399","15295369055","""""","""""","0001",灵活分期,活动,"20211114","11",5000.00,6,833.33,4,1666.67,175.00,58.34,116.66,"2022-03-08"
"0050834507","6228151354962551",耿碗患,"320982196210161271","15722588762","""""","""""","0001",大额分期,活动,"20201120","11",300000.00,36,8333.34,15,175000.03,36000.00,0.00,36000.00,"2022-03-08"
"0050053128","6228151354663563",莫萍,"330624198607301392","15851052584","""""","""""","0005",账单分期,活动,"20210507","05",2114.46,12,176.20,10,352.41,148.01,0.00,148.01,"2022-03-08"
"0050423609","6228151354141099",武邢,"330624199405108388","15251055593","""""","""""","0001",账单分期,活动,"20220110","01",3311.49,6,551.91,2,2207.66,115.90,77.28,38.62,"2022-03-08"
"0050392566","6228151354140620",宫唤败,"330726196412204217","13770202237","""""","""""","0001",账单分期,活动,"20211221","12",14000.00,12,1166.67,2,11666.66,980.00,816.68,163.32,"2022-03-08"
"0000410760","6228159894280624",隋页剑,"341522198707271308","15051093738","""""","""""","0001",大额分期,活动,"20190612","06",88000.00,36,2444.45,33,7333.33,10560.00,0.00,10560.00,"2022-03-08"
"0050138963","6228151354635504",殷硬勇,"320911198612061488","15751117333","""""","""""","0002",账单分期,活动,"20210410","04",10000.00,12,833.34,11,833.33,700.00,0.00,700.00,"2022-03-08"
"0050284287","6228151354117156",费驻驻,"320982199205131290","19802618689","""""","""""","0003",账单分期,活动,"20220207","02",6300.00,6,1050.00,1,5250.00,220.50,183.75,36.75,"2022-03-08"
"0051254366","6228151354952644",易敢截,"34242119760614307X","17352325769","""""","""""","0001",大额分期,活动,"20220124","01",95914.00,36,2664.28,1,93249.72,8152.69,7926.23,226.46,"2022-03-08"
"0051251163","6228151354910915",庞莲络,"320926196704210271","15961959682","""""","""""","0001",大额分期,活动,"20220112","01",100000.00,36,2777.78,2,94444.44,12000.00,11333.34,666.66,"2022-03-08"
"0050412319","6228151354141396",贺茸,"320982199711205395","13770280263","""""","""""","0001",大额分期,活动,"20200526","05",80000.00,24,3333.34,21,10000.00,6400.00,0.00,6400.00,"2022-03-08"
"0050655613","6228161392604438",贺丸汪,"350126196306250587","18851484355","""""","""""","0007",账单分期,活动,"20210819","08",2290.50,12,190.87,6,1145.25,160.34,80.18,80.16,"2022-03-08"
"0000400039","6228159854655625",武桔碾,"320982199506060713","13092133932","""""","""""","0001",大额分期,活动,"20190403","04",200000.00,36,5555.56,35,5555.55,24000.00,0.00,24000.00,"2022-03-08"
"0050318770","6228151354194213",沿赴怒,"320926196105044347","13813411628","""""","""""","0001",大额分期,活动,"20191217","12",100000.00,36,2777.78,27,24999.97,12000.00,0.00,12000.00,"2022-03-08"
"0000472227","6228159817963629",樊龄剑,"320926197811050327","18949761591","""""","""""","0005",账单分期,新增的,"20220219","02",1190.47,3,396.82,0,1190.47,19.05,19.05,0.00,"2022-03-08"
"0050572160","6228151354908653",滕畛墒,"320982199307269151","18251823897","""""","""""","0005",账单分期,活动,"20211212","12",2708.70,6,451.45,3,1354.35,94.80,47.40,47.40,"2022-03-08"
"0000500253","6228159654931622",常释迦,"320982199301129377","17768978000","""""","""""","0001",大额分期,活动,"20190706","07",200000.00,36,5555.55,32,22222.22,24000.00,2666.68,21333.32,"2022-03-08"
"0050479095","6228151354147906",官驻垂,"320926197707052998","13921823380","""""","""""","0001",大额分期,活动,"20200624","06",80000.00,36,2222.22,20,35555.60,9600.00,4266.72,5333.28,"2022-03-08"
"0051056023","6228151354958302",严罢,"320982199701259015","15366591620","""""","""""","0001",大额分期,活动,"20210322","03",110000.00,24,4583.34,11,59583.35,8800.00,4766.71,4033.29,"2022-03-08"
"0050613929","6228161392677574",胥罢,"320982198310290715","13914698217","""""","""""","0001",账单分期,活动,"20220211","02",4500.00,3,1500.00,1,3000.00,72.00,48.00,24.00,"2022-03-08"
"0051087455","6228151354951232",安雪络,"320926197706130392","18261246080","""""","""""","0001",大额分期,活动,"20210427","04",60000.00,24,2500.00,10,35000.00,4800.00,0.00,4800.00,"2022-03-08"
"0050370939","6228151354123592",常糟纭,"320926197401043511","15851010888","""""","""""","0001",大额分期,活动,"20200428","04",95000.00,36,2638.89,22,36944.42,11400.00,0.00,11400.00,"2022-03-08"
"0000311044","6228159993616629",陶莲厅,"320982198510212324","13584775277","""""","""""","0001",大额分期,活动,"20210412","04",55000.00,36,1527.78,11,38194.42,4950.00,0.00,4950.00,"2022-03-08"
"0050309473","6228151354186474",龚唤巡,"320926197211060716","13813418884","""""","""""","0001",大额分期,活动,"20191205","12",50000.00,36,1388.89,27,12499.97,6000.00,0.00,6000.00,"2022-03-08"
"0050112899","6228151354630448",鲁篇搭,"320982198607275399","15295369055","""""","""""","0003",灵活分期,活动,"20211114","11",2000.00,6,333.33,4,666.67,70.00,23.34,46.66,"2022-03-08"
"0050900173","6228151354963757",贺吁,"320911197208241300","13605112080","""""","""""","0001",大额分期,活动,"20201215","12",170000.00,36,4722.22,15,99166.70,20400.00,0.00,20400.00,"2022-03-08"
"0000267526","6228159505462629",庞休侨,"331003199208261267","15189282575","""""","""""","0007",账单分期,活动,"20220111","01",3599.00,3,1199.67,2,1199.66,57.58,19.20,38.38,"2022-03-08"
"0051218595","6228151354959052",覃搭烬,"330624199604289388","18921884999","""""","""""","0001",大额分期,活动,"20211101","11",62156.00,36,1726.56,4,55249.76,5283.26,4696.26,587.00,"2022-03-08"
"0050706111","6228151354905394",宁乌晰,"320911199005110799","18860829533","""""","""""","0001",大额分期,活动,"20200930","09",94477.00,36,2624.36,17,49862.88,8030.55,4238.36,3792.19,"2022-03-08"
"0000026437","6228159326753628",邸匪巡,"320926197109292393","13961954833","""""","""""","0023",账单分期,活动,"20210411","04",6000.00,12,500.00,11,500.00,420.00,0.00,420.00,"2022-03-08"
"0050138963","6228151354635504",殷硬勇,"320911198612061488","15751117333","""""","""""","0003",账单分期,活动,"20210711","07",9899.00,12,824.91,8,3299.66,692.93,0.00,692.93,"2022-03-08"
"0050284287","6228151354117156",费驻驻,"320982199205131290","19802618689","""""","""""","0004",账单分期,新增的,"20220221","02",10000.00,6,1666.67,0,10000.00,350.00,350.00,0.00,"2022-03-08"
"0051240459","6228151354955233",辛绳勇,"320926196510256394","13770288883","""""","""""","0001",大额分期,活动,"20211201","12",50000.00,36,1388.89,3,45833.33,6000.00,5500.02,499.98,"2022-03-08"
"0050801962","6228151354962411",童拍唐,"320926196409235767","13625862883","""""","""""","0001",大额分期,活动,"20210112","01",200000.00,36,5555.55,14,122222.21,18000.00,0.00,18000.00,"2022-03-08"
"0000012397","6228159397843621",滕聚辱,"320926197308075711","13390712005","""""","""""","0006",账单分期,活动,"20210509","05",4460.00,12,371.66,10,743.33,312.20,0.00,312.20,"2022-03-08"
"0050655613","6228161392604438",贺丸汪,"350126196306250587","18851484355","""""","""""","0009",账单分期,活动,"20211122","11",1415.01,12,117.92,3,1061.25,99.05,74.30,24.75,"2022-03-08"
"0000400481","6228159854724629",辛蒜匪,"32092619690123239X","15061607888","""""","""""","0002",账单分期,活动,"20220107","01",2809.35,12,234.11,2,2341.13,196.65,163.89,32.76,"2022-03-08"
"0050893692","6228151354969085",乔滨勇,"320926198012173675","18262864777","""""","""""","0001",大额分期,活动,"20201229","12",100000.00,36,2777.78,14,61111.08,12000.00,0.00,12000.00,"2022-03-08"
"0000472227","6228159817963629",樊龄剑,"320926197811050327","18949761591","""""","""""","0002",灵活分期,活动,"20211103","11",2000.00,6,333.33,4,666.67,70.00,23.34,46.66,"2022-03-08"
"0050226876","6228151354172177",费荔辱,"330723197611013670","13814386888","""""","""""","0008",账单分期,活动,"20210909","09",10308.00,12,859.00,6,5154.00,721.56,360.78,360.78,"2022-03-08"
"0050864960","6228151354963617",彭麦驳,"320926196811294343","15189289003","""""","""""","0001",大额分期,活动,"20201127","11",100000.00,36,2777.78,15,58333.30,12000.00,0.00,12000.00,"2022-03-08"
"0050233188","6228151354175592",邸芒,"320982199906079069","18036341234","""""","""""","0001",大额分期,活动,"20191212","12",150000.00,36,4166.67,27,37499.98,18000.00,0.00,18000.00,"2022-03-08"
"0050930813","6228151354967055",庞囊弯,"320982198508013625","13485279498","""""","""""","0001",大额分期,活动,"20201229","12",100000.00,36,2777.78,14,61111.08,12000.00,0.00,12000.00,"2022-03-08"
"0050522513","6228151354976213",殷辑朗,"320926196901180294","17751533845","""""","""""","0002",账单分期,活动,"20210505","05",2288.00,12,190.66,10,381.33,160.16,0.00,160.16,"2022-03-08"
"0050186575","6228151354695169",陶浇翩,"330702198407124974","18651918851","""""","""""","0002",账单分期,活动,"20211110","11",7200.00,12,600.00,4,4800.00,504.00,336.00,168.00,"2022-03-08"
"0000295017","6228159562603628",兰尺巡,"320926197004059392","18761210222","""""","""""","0001",大额分期,活动,"20201126","11",300000.00,36,8333.34,15,175000.03,36000.00,0.00,36000.00,"2022-03-08"
"0050254008","6228151354165494",莫磷魔,"330703197707090771","18752226646","""""","""""","0001",账单分期,活动,"20220210","02",6818.28,6,1136.38,1,5681.90,238.64,198.87,39.77,"2022-03-08"
"0000301116","6228159953102628",施婚卵,"320926198007075624","13861414914","""""","""""","0001",大额分期,活动,"20191217","12",28000.00,36,777.78,27,6999.97,3360.00,0.00,3360.00,"2022-03-08"
"0050112899","6228151354630448",鲁篇搭,"320982198607275399","15295369055","""""","""""","0006",灵活分期,活动,"20220211","02",2700.00,24,112.50,1,2587.50,388.80,372.60,16.20,"2022-03-08"
"0000297054","6228159565636625",易镀,"320982198906162706","15189280405","""""","""""","0002",账单分期,活动,"20210404","04",4300.00,12,358.34,11,358.33,301.00,0.00,301.00,"2022-03-08"
"0050321637","6228151354196465",尤妃妃,"330727198406093819","13912526828","""""","""""","0001",大额分期,活动,"20201006","10",200000.00,36,5555.56,17,105555.54,24000.00,0.00,24000.00,"2022-03-08"
"0050268425","6228151354157673",陶擅络,"330624198008145391","18861998955","""""","""""","0002",账单分期,活动,"20210525","05",4437.10,12,369.76,9,1109.26,310.60,0.00,310.60,"2022-03-08"
"0050350425","6228151354122339",毕渣,"320982199007014739","13220880353","""""","""""","0001",大额分期,活动,"20200424","04",150000.00,36,4166.66,22,58333.31,18000.00,7000.00,11000.00,"2022-03-08"
"0000026437","6228159326753628",邸匪巡,"320926197109292393","13961954833","""""","""""","0024",账单分期,活动,"20210511","05",3500.00,12,291.66,10,583.33,245.00,0.00,245.00,"2022-03-08"
"0051184836","6228151354956629",贺败,"320911199104302972","17205156000","""""","""""","0001",大额分期,活动,"20210928","09",81991.00,36,2277.53,5,70603.35,6969.24,6001.29,967.95,"2022-03-08"
"0050284287","6228151354117156",费驻驻,"320982199205131290","19802618689","""""","""""","0002",账单分期,活动,"20220102","01",22500.00,3,7500.00,2,7500.00,360.00,120.00,240.00,"2022-03-08"
"0000414036","6228159899652629",乔惠垂,"320911198406263097","13382607571","""""","""""","0001",账单分期,活动,"20211212","12",15151.92,12,1262.66,3,11363.94,1060.63,795.49,265.14,"2022-03-08"
"0000382858","6228159937537626",莫篇涓,"320982198609272730","17026096888","""""","""""","0001",大额分期,活动,"20190614","06",250000.00,36,6944.45,33,20833.33,30000.00,2500.02,27499.98,"2022-03-08"
"0050589569","6228161392672096",关匪棋,"320926197202089023","13651584555","""""","""""","0001",大额分期,活动,"20200827","08",100000.00,36,2777.78,18,49999.96,12000.00,0.00,12000.00,"2022-03-08"
"0050655613","6228161392604438",贺丸汪,"350126196306250587","18851484355","""""","""""","0004",账单分期,活动,"20210418","04",1580.50,12,131.70,10,263.41,110.64,0.00,110.64,"2022-03-08"
"0000400481","6228159854724629",辛蒜匪,"32092619690123239X","15061607888","""""","""""","0001",账单分期,活动,"20210322","03",3000.00,12,250.00,11,250.00,210.00,0.00,210.00,"2022-03-08"
"0050893692","6228151354969085",乔滨勇,"320926198012173675","18262864777","""""","""""","0002",大额分期,活动,"20210118","01",100000.00,36,2777.78,13,63888.86,12000.00,0.00,12000.00,"2022-03-08"
"0050318788","6228151354194262",常雇涓,"320982198605119827","13645105143","""""","""""","0001",大额分期,活动,"20191217","12",100000.00,36,2777.78,27,24999.97,12000.00,0.00,12000.00,"2022-03-08"
"0000169648","6228159208317625",贺粗,"320926197210209873","15358245777","""""","""""","0001",大额分期,活动,"20210104","01",150000.00,24,6250.00,14,62500.00,12000.00,0.00,12000.00,"2022-03-08"
"0000186492","6228159236748627",贺践沿,"32092619661228437X","13601423181","""""","""""","0007",大额分期,活动,"20210524","05",150000.00,36,4166.67,9,112499.97,18000.00,13500.00,4500.00,"2022-03-08"
"0050944076","6228151354967832",卜萍,"320982199110284518","15365717222","""""","""""","0002",大额分期,活动,"20210126","01",100000.00,36,2777.78,13,63888.86,9000.00,0.00,9000.00,"2022-03-08"
"0050970943","6228151354954194",邸唤鲟,"320926196401014513","13115262939","""""","""""","0001",大额分期,活动,"20210119","01",100000.00,36,2777.78,13,63888.86,9000.00,0.00,9000.00,"2022-03-08"
"0050275342","6228151354111084",洪辟,"33072319850122229X","18932299189","""""","""""","0002",账单分期,活动,"20211212","12",3180.85,12,265.07,3,2385.64,222.66,167.01,55.65,"2022-03-08"
"0000233923","6228159570061629",贺催,"320982198209302670","18795679666","""""","""""","0001",大额分期,活动,"20211216","12",100000.00,36,2777.78,3,91666.66,12000.00,0.00,12000.00,"2022-03-08"
"0050373827","6228151354127767",司敦,"321028197009010437","13645102462","""""","""""","0001",大额分期,活动,"20200512","05",125000.00,24,5208.33,22,10416.67,10000.00,0.00,10000.00,"2022-03-08"
"0051268949","6228151354910808",陶淡弯,"350624198704085920","18912525121","""""","""""","0001",大额分期,活动,"20220130","01",228000.00,36,6333.33,1,221666.67,27360.00,26600.00,760.00,"2022-03-08"
"0051161110","6228151354959649",辛汪瘫,"320982199504072323","18248775856","""""","""""","0001",大额分期,活动,"20210726","07",170000.00,36,4722.22,7,136944.46,20400.00,16433.38,3966.62,"2022-03-08"
"0050112899","6228151354630448",鲁篇搭,"320982198607275399","15295369055","""""","""""","0004",灵活分期,活动,"20211114","11",1000.00,6,166.66,4,333.33,35.00,11.68,23.32,"2022-03-08"
"0050775882","6228151354966313",贺肿罢,"320982199909185713","19851548791","""""","""""","0001",灵活分期,活动,"20201101","11",3988.20,24,166.17,16,1329.40,574.30,0.00,574.30,"2022-03-08"
"0051233642","6228151354955472",连败汪,"320911198210301979","15861988858","""""","""""","0001",大额分期,活动,"20211201","12",200000.00,36,5555.56,3,183333.32,24000.00,22000.02,1999.98,"2022-03-08"
"0050268425","6228151354157673",陶擅络,"330624198008145391","18861998955","""""","""""","0003",账单分期,新增的,"20220220","02",3162.79,12,263.57,0,3162.79,221.40,221.40,0.00,"2022-03-08"
"0051173278","6228151354959250",毕败穗,"32092619671003071X","13770285128","""""","""""","0001",大额分期,活动,"20210812","08",150000.00,36,4166.67,7,120833.31,18000.00,0.00,18000.00,"2022-03-08"
"0000026437","6228159326753628",邸匪巡,"320926197109292393","13961954833","""""","""""","0027",账单分期,活动,"20220110","01",11000.00,12,916.67,2,9166.66,770.00,641.68,128.32,"2022-03-08"
"0000036075","6228159376699622",滕络秸,"320982198702219395","18921821928","""""","""""","0005",账单分期,活动,"20210811","08",8600.00,12,716.67,7,3583.32,602.00,0.00,602.00,"2022-03-08"
"0051164199","6228151354959474",贺溃,"320982199702200517","17551629768","""""","""""","0001",账单分期,活动,"20210928","09",2009.27,6,334.88,5,334.87,70.32,11.72,58.60,"2022-03-08"
"0050359502","6228151354123113",赖宅,"320911196110020791","13805104218","""""","""""","0001",大额分期,活动,"20200420","04",100000.00,36,2777.77,22,38888.85,12000.00,0.00,12000.00,"2022-03-08"
"0050428440","6228151354149639",官雪勇,"320982199208160513","18361199567","""""","""""","0001",大额分期,活动,"20200602","06",60000.00,36,1666.67,21,24999.97,5400.00,0.00,5400.00,"2022-03-08"
"0050898082","6228151354961959",常柳沿,"321021197510165331","15950322699","""""","""""","0001",大额分期,活动,"20201231","12",100000.00,36,2777.78,14,61111.08,12000.00,0.00,12000.00,"2022-03-08"
"0050655613","6228161392604438",贺丸汪,"350126196306250587","18851484355","""""","""""","0010",账单分期,活动,"20220119","01",1794.28,12,149.52,1,1644.76,125.60,115.14,10.46,"2022-03-08"
"0000008423","6228159351761629",滕络雪,"320926197507231836","18914692009","""""","""""","0001",大额分期,活动,"20191216","12",100000.00,36,2777.78,27,24999.97,12000.00,0.00,12000.00,"2022-03-08"
"0050297161","6228151354139093",范茂剑,"320911199010071341","13914679557","""""","""""","0001",大额分期,活动,"20191121","11",240000.00,36,6666.67,27,59999.98,28800.00,0.00,28800.00,"2022-03-08"
"0000125273","6228159222991629",练框络,"320926196107299386","15365718288","""""","""""","0016",灵活分期,新增的,"20220306","03",4050.00,24,168.75,0,4050.00,583.20,583.20,0.00,"2022-03-08"
"0050569689","6228151354904967",温煽唐,"320982198612180394","18361616959","""""","""""","0001",大额分期,活动,"20200807","08",40000.00,36,1111.11,19,18888.91,4800.00,0.00,4800.00,"2022-03-08"
"0050518791","6228161354670815",苗吁龄,"320926196609219892","13912524898","""""","""""","0008",账单分期,活动,"20211102","11",61000.00,12,5083.33,4,40666.68,4270.00,2846.68,1423.32,"2022-03-08"
"0050944076","6228151354967832",卜萍,"320982199110284518","15365717222","""""","""""","0001",大额分期,活动,"20210106","01",120000.00,24,5000.00,14,50000.00,7200.00,0.00,7200.00,"2022-03-08"
"0050695489","6228151354968814",贺弯,"320926198003135706","15961951627","""""","""""","0001",大额分期,活动,"20210121","01",300000.00,36,8333.34,13,191666.70,36000.00,0.00,36000.00,"2022-03-08"
"0000274661","6228159519384629",乔儒垂,"320926198106234766","13851007609","""""","""""","0002",账单分期,活动,"20211212","12",4500.00,12,375.00,3,3375.00,315.00,236.25,78.75,"2022-03-08"
"0050196197","6228151354621959",沿侨筝,"320926196405108090","15962079684","""""","""""","0001",大额分期,活动,"20190906","09",90000.00,36,2500.00,30,15000.00,10800.00,0.00,10800.00,"2022-03-08"
"0050858762","6228151354962312",樊败粗,"330624196110205312","13770071635","""""","""""","0001",大额分期,活动,"20201127","11",50000.00,36,1388.89,15,29166.65,6000.00,0.00,6000.00,"2022-03-08"
"0050895668","6228151354963781",赖耀毕,"330702199202024392","17798788958","""""","""""","0003",灵活分期,活动,"20210616","06",3800.00,12,316.67,9,949.99,266.00,0.00,266.00,"2022-03-08"
"0050055638","6228151354663324",武雪宅,"320982198803311115","18352044040","""""","""""","0001",灵活分期,活动,"20210426","04",5000.00,12,416.66,10,833.33,350.00,0.00,350.00,"2022-03-08"
"0050112899","6228151354630448",鲁篇搭,"320982198607275399","15295369055","""""","""""","0005",灵活分期,活动,"20220113","01",4000.00,24,166.67,2,3666.66,576.00,528.00,48.00,"2022-03-08"
"0000313974","6228159990096627",兰魔,"320911198809141393","18351283222","""""","""""","0001",大额分期,活动,"20201127","11",100000.00,36,2777.78,15,58333.30,12000.00,0.00,12000.00,"2022-03-08"
"0000500094","6228159654646626",椒搭,"320926199706294564","18066012354","""""","""""","0006",账单分期,活动,"20210911","09",3159.00,12,263.25,6,1579.50,221.13,110.58,110.55,"2022-03-08"
"0050105329","6228151354613956",陶篇辟,"320926197501211818","13851310701","""""","""""","0001",灵活分期,活动,"20211014","10",6000.00,6,1000.00,5,1000.00,210.00,35.00,175.00,"2022-03-08"
"0050713156","6228151354960621",强巡,"320926196911240094","18921826806","""""","""""","0001",大额分期,活动,"20200930","09",40000.00,24,1666.67,17,11666.65,3200.00,0.00,3200.00,"2022-03-08"
"0000026437","6228159326753628",邸匪巡,"320926197109292393","13961954833","""""","""""","0028",账单分期,活动,"20220129","01",7500.00,12,625.00,1,6875.00,525.00,481.25,43.75,"2022-03-08"
"0000491367","6228159863883622",贺枷,"320982198812074502","15895160168","""""","""""","0001",大额分期,活动,"20190706","07",100000.00,36,2777.77,32,11111.10,12000.00,0.00,12000.00,"2022-03-08"
"0050863858","6228151354963625",邢擅杏,"330329196507276691","13770281957","""""","""""","0001",大额分期,活动,"20201130","11",50000.00,36,1388.89,15,29166.65,6000.00,0.00,6000.00,"2022-03-08"
"0050318161","6228151354190583",孔驻,"320926196902049810","13851013220","""""","""""","0001",大额分期,活动,"20191217","12",300000.00,36,8333.34,27,75000.01,36000.00,0.00,36000.00,"2022-03-08"
"0000476064","6228159816686627",毕耐垂,"330111197606242489","15251083889","""""","""""","0001",大额分期,活动,"20190920","09",99000.00,36,2750.00,29,19250.00,11880.00,0.00,11880.00,"2022-03-08"
"0050543496","6228151354977518",尤沿扣,"320919196301222688","18936342383","""""","""""","0001",大额分期,活动,"20200731","07",100000.00,36,2777.78,19,47222.18,12000.00,0.00,12000.00,"2022-03-08"
"0050655613","6228161392604438",贺丸汪,"350126196306250587","18851484355","""""","""""","0006",账单分期,活动,"20210625","06",3070.80,12,255.90,8,1023.60,214.96,0.00,214.96,"2022-03-08"
"0050466728","6228151354143392",关韶,"330727199112308524","18652398775","""""","""""","0001",大额分期,活动,"20200714","07",85000.00,36,2361.11,20,37777.80,10200.00,0.00,10200.00,"2022-03-08"
"0050288954","6228151354130548",贺末累,"320926196411150295","13770236200","""""","""""","0001",大额分期,活动,"20191121","11",450000.00,36,12500.00,27,112500.00,54000.00,13500.00,40500.00,"2022-03-08"
"0000125273","6228159222991629",练框络,"320926196107299386","15365718288","""""","""""","0012",账单分期,活动,"20210424","04",3000.00,12,250.00,10,500.00,210.00,0.00,210.00,"2022-03-08"
"0050321123","6228151354193918",常宅,"34152219751017397X","15365705500","""""","""""","0001",大额分期,活动,"20200113","01",200000.00,36,5555.55,26,55555.55,24000.00,6666.70,17333.30,"2022-03-08"
"0050518791","6228161354670815",苗吁龄,"320926196609219892","13912524898","""""","""""","0009",账单分期,活动,"20220104","01",15900.00,12,1325.00,2,13250.00,1113.00,927.50,185.50,"2022-03-08"
"0000248831","6228159541554629",常鹿沧,"320982199005100625","15895164331","""""","""""","0001",大额分期,活动,"20210203","02",100000.00,36,2777.78,13,63888.86,9000.00,0.00,9000.00,"2022-03-08"
"0050695479","6228151354968889",武患涓,"330726198001153020","13921825852","""""","""""","0001",大额分期,活动,"20201022","10",170000.00,36,4722.22,16,94444.48,20400.00,0.00,20400.00,"2022-03-08"
"0050268454","6228151354157582",贺烬,"320982198711299892","13584777177","""""","""""","0001",大额分期,活动,"20200617","06",276000.00,36,7666.67,21,114999.97,33120.00,0.00,33120.00,"2022-03-08"
"0050548976","6228151354972071",常患耗,"320926196609133511","15862070610","""""","""""","0001",大额分期,活动,"20200824","08",185000.00,36,5138.89,18,92499.98,22200.00,0.00,22200.00,"2022-03-08"
"0050239487","6228151354106548",耿妹累,"320926196505211271","13815560381","""""","""""","0001",大额分期,活动,"20220125","01",50000.00,36,1388.89,1,48611.11,6000.00,5833.34,166.66,"2022-03-08"
"0050895668","6228151354963781",赖耀毕,"330702199202024392","17798788958","""""","""""","0001",大额分期,活动,"20201210","12",65000.00,36,1805.56,15,37916.65,7800.00,0.00,7800.00,"2022-03-08"
"0051023851","6228161394615549",章韶栉,"320982199710286891","18361196315","""""","""""","0002",账单分期,活动,"20210918","09",1597.74,6,266.29,5,266.29,55.92,9.32,46.60,"2022-03-08"
"0050604299","6228151354909123",伏茅怒,"330603198507312324","15261953560","""""","""""","0001",大额分期,活动,"20200821","08",250000.00,36,6944.44,18,125000.01,30000.00,0.00,30000.00,"2022-03-08"
"0050880193","6228151354963245",季休唐,"330624196707129383","13004491447","""""","""""","0001",大额分期,活动,"20201204","12",50000.00,36,1388.89,15,29166.65,6000.00,0.00,6000.00,"2022-03-08"
"0000368522","6228159901468626",乔匪穴,"320926196610139398","15061180077","""""","""""","0002",大额分期,活动,"20210526","05",160000.00,36,4444.45,9,120000.01,19200.00,0.00,19200.00,"2022-03-08"
"0050296032","6228151354139424",武龄仓,"320982198607060697","15251080808","""""","""""","0001",大额分期,活动,"20191119","11",200000.00,36,5555.56,27,49999.99,24000.00,0.00,24000.00,"2022-03-08"
"0050868570","6228161394613411",贺萨晰,"320926197406185519","13770245765","""""","""""","0001",账单分期,活动,"20220210","02",3600.00,6,600.00,1,3000.00,126.00,105.00,21.00,"2022-03-08"
"0000026437","6228159326753628",邸匪巡,"320926197109292393","13961954833","""""","""""","0026",账单分期,活动,"20211118","11",18000.00,12,1500.00,3,13500.00,1260.00,945.00,315.00,"2022-03-08"
"0050194346","6228151354628780",宫帝魔,"320982198206181818","13402507062","""""","""""","0001",自行POS分期,活动,"20210831","08",2990.00,12,249.16,6,1494.99,179.40,0.00,179.40,"2022-03-08"
"0050942870","6228151354963377",葛兢违,"330702199706304195","17605252512","""""","""""","0001",大额分期,活动,"20210128","01",43708.00,36,1214.11,13,27924.57,3715.18,2373.60,1341.58,"2022-03-08"
"0000020423","6228159324761623",常筹魔,"321083196411093293","13805113020","""""","""""","0004",大额分期,活动,"20191213","12",50000.00,36,1388.89,27,12499.97,6000.00,0.00,6000.00,"2022-03-08"
"0050455617","6228151354149514",贺杏,"320982199206120374","17551617890","""""","""""","0001",大额分期,活动,"20200629","06",79723.00,24,3321.79,20,13287.18,4783.38,797.24,3986.14,"2022-03-08"
"0000343165","6228159940189621",庞篇沿,"320982197608269391","13705113834","""""","""""","0001",大额分期,活动,"20191202","12",360000.00,36,10000.00,27,90000.00,43200.00,10800.00,32400.00,"2022-03-08"
"0050655613","6228161392604438",贺丸汪,"350126196306250587","18851484355","""""","""""","0003",账单分期,活动,"20210322","03",1768.93,12,147.42,11,147.41,123.83,0.00,123.83,"2022-03-08"
"0050321819","6228151354196051",庞雪唐,"320926196611292511","18014689700","""""","""""","0001",大额分期,活动,"20210121","01",120000.00,36,3333.34,13,76666.70,14400.00,0.00,14400.00,"2022-03-08"
"0050392287","6228151354125845",贺篇厅,"320982199010115506","18352028115","""""","""""","0002",账单分期,活动,"20211118","11",2100.00,6,350.00,3,1050.00,73.50,36.75,36.75,"2022-03-08"
"0000125273","6228159222991629",练框络,"320926196107299386","15365718288","""""","""""","0015",账单分期,活动,"20211210","12",3300.00,12,275.00,3,2475.00,231.00,173.25,57.75,"2022-03-08"
"0050420300","6228151354149167",嫁奉棋,"320926196903119825","13337983968","""""","""""","0001",大额分期,活动,"20200612","06",50000.00,36,1388.89,21,20833.31,6000.00,0.00,6000.00,"2022-03-08"
"0051250744","6228151354910741",毕盾患,"320911197609064720","15950297903","""""","""""","0001",大额分期,活动,"20211228","12",62700.00,36,1741.67,2,59216.66,7524.00,7106.00,418.00,"2022-03-08"
"0050319124","6228151354198131",陶贯颇,"320982198204223674","15358244899","""""","""""","0001",大额分期,活动,"20191217","12",100000.00,36,2777.78,27,24999.97,12000.00,0.00,12000.00,"2022-03-08"
"0050208621","6228151354644662",贺帝宏,"320926198009095514","13815560890","""""","""""","0001",大额分期,活动,"20190910","09",200000.00,36,5555.55,30,33333.33,24000.00,0.00,24000.00,"2022-03-08"
"0000284723","6228159539261625",席膺衡,"32092619760425989X","13407506967","""""","""""","0001",大额分期,活动,"20200113","01",100000.00,36,2777.77,26,27777.75,12000.00,0.00,12000.00,"2022-03-08"
"0050236248","6228151354100897",伍璐汛,"320982198706049899","15151080067","""""","""""","0001",灵活分期,活动,"20211023","10",12000.00,24,500.00,4,10000.00,1728.00,1440.00,288.00,"2022-03-08"
"0050002896","6228151354674008",伍穴瑟,"330624199107258396","13301412121","""""","""""","0002",账单分期,活动,"20210711","07",13876.49,12,1156.37,8,4625.50,971.35,0.00,971.35,"2022-03-08"
"0000409930","6228159858050625",伍淡晾,"320982199207164715","15189381767","""""","""""","0001",大额分期,活动,"20190422","04",75800.00,36,2105.55,34,4211.11,6822.00,0.00,6822.00,"2022-03-08"
"0050117761","6228151354638235",武衣,"330703198205118089","18551528737","""""","""""","0001",账单分期,活动,"20210709","07",3000.00,12,250.00,8,1000.00,210.00,0.00,210.00,"2022-03-08"
"0050143815","6228151354684999",椒剑,"320926197910054702","13851012866","""""","""""","0001",大额分期,活动,"20201126","11",300000.00,36,8333.34,15,175000.03,36000.00,0.00,36000.00,"2022-03-08"
"0050249010","6228151354164331",申淡络,"320926198101199017","17388001800","""""","""""","0001",大额分期,活动,"20200706","07",100000.00,36,2777.78,20,44444.40,12000.00,0.00,12000.00,"2022-03-08"
"0051004523","6228151354958278",莫蹄,"32091119870826292X","18662055276","""""","""""","0001",大额分期,活动,"20210210","02",200000.00,36,5555.56,13,127777.76,18000.00,0.00,18000.00,"2022-03-08"
"0051163748","6228151354959409",武邢罢,"331003199805063584","13771053925","""""","""""","0001",账单分期,活动,"20210911","09",2513.00,12,209.41,6,1256.49,175.91,87.96,87.95,"2022-03-08"
"0050768885","6228161392655380",易败淡,"540424199611193999","13404223541","""""","""""","0001",账单分期,活动,"20210531","05",1408.59,12,117.39,9,352.15,98.60,0.00,98.60,"2022-03-08"
"0050399691","6228151354140075",陶茂剑,"320982197909202705","13645109418","""""","""""","0001",大额分期,活动,"20200519","05",100000.00,24,4166.67,21,12499.99,8000.00,0.00,8000.00,"2022-03-08"
"0050645301","6228151354905519",伍卵携,"320982199106224694","13651580884","""""","""""","0001",大额分期,活动,"20200903","09",200000.00,36,5555.55,18,99999.99,24000.00,12000.06,11999.94,"2022-03-08"
"0000415513","6228159892401628",嫁汛添,"320982199205245693","13222335555","""""","""""","0001",大额分期,活动,"20210121","01",200000.00,36,5555.56,13,127777.76,24000.00,0.00,24000.00,"2022-03-08"
"0050991758","6228151354954475",洪剑驳,"320982199308011806","18261209256","""""","""""","0001",大额分期,活动,"20210128","01",50000.00,36,1388.89,13,31944.43,6000.00,3833.41,2166.59,"2022-03-08"
"0050194591","6228151354621280",丛候荔,"32098219860404371X","18261206210","""""","""""","0003",账单分期,活动,"20211025","10",1413.00,12,117.75,4,942.00,98.91,65.95,32.96,"2022-03-08"
"0000307919","6228159955005621",边吁斩,"320926196412039820","13815568680","""""","""""","0001",大额分期,活动,"20200513","05",125000.00,36,3472.22,22,48611.15,15000.00,5833.38,9166.62,"2022-03-08"
"0050960539","6228151354967378",兰怒庐,"320911198112312121","18921893112","""""","""""","0001",大额分期,活动,"20210122","01",273000.00,36,7583.34,13,174416.70,32760.00,20930.00,11830.00,"2022-03-08"
"0050102459","6228151354613634",文骆骆,"320982198911111807","15751116881","""""","""""","0002",账单分期,活动,"20220209","02",2450.00,3,816.67,1,1633.33,39.20,26.14,13.06,"2022-03-08"
"0050655613","6228161392604438",贺丸汪,"350126196306250587","18851484355","""""","""""","0008",账单分期,活动,"20211018","10",2438.09,12,203.17,4,1625.40,170.67,113.79,56.88,"2022-03-08"
"0050020108","6228151354606893",埃符贯,"320926196708095717","13182116183","""""","""""","0001",大额分期,活动,"20191213","12",300000.00,36,8333.34,27,75000.01,36000.00,0.00,36000.00,"2022-03-08"
"0050392287","6228151354125845",贺篇厅,"320982199010115506","18352028115","""""","""""","0003",账单分期,活动,"20211218","12",1280.00,12,106.67,2,1066.66,89.60,74.68,14.92,"2022-03-08"
"0000125273","6228159222991629",练框络,"320926196107299386","15365718288","""""","""""","0014",账单分期,活动,"20210820","08",4600.00,12,383.33,6,2300.01,322.00,161.02,160.98,"2022-03-08"
"0050531007","6228151354979019",温蹊沿,"33062419630911467X","13962089809","""""","""""","0001",大额分期,活动,"20200724","07",100000.00,36,2777.78,19,47222.18,12000.00,0.00,12000.00,"2022-03-08"
"0051228170","6228151354955621",范桂灯,"320911197302091492","13961956385","""""","""""","0001",大额分期,活动,"20211104","11",90000.00,12,7500.00,4,60000.00,3600.00,0.00,3600.00,"2022-03-08"
"0050091580","6228151354618906",温络渣,"220103198609098223","13141910053","""""","""""","0002",灵活分期,活动,"20200914","09",2000.00,24,83.33,18,500.01,288.00,0.00,288.00,"2022-03-08"
"0000408568","6228159851487626",施败穗,"320982198603109393","15961957606","""""","""""","0001",大额分期,活动,"20201207","12",650000.00,24,27083.34,15,243750.01,52000.00,0.00,52000.00,"2022-03-08"
"0050325102","6228151354192340",邢劣,"330483198710049024","18262862501","""""","""""","0001",大额分期,活动,"20200106","01",165000.00,36,4583.33,26,45833.35,19800.00,0.00,19800.00,"2022-03-08"
"0050727273","6228161392663285",殷符,"320982199704140343","15251171190","""""","""""","0002",灵活分期,活动,"20210910","09",1700.00,9,188.89,6,566.66,91.80,30.60,61.20,"2022-03-08"
"0050878072","6228151354963252",贺绳鲟,"320926197106259328","18921823801","""""","""""","0001",大额分期,活动,"20201209","12",50000.00,36,1388.89,15,29166.65,6000.00,0.00,6000.00,"2022-03-08"
"0000004847","6228159359513626",常植沿,"320926196401175763","13605112160","""""","""""","0001",大额分期,活动,"20191213","12",100000.00,36,2777.78,27,24999.97,12000.00,0.00,12000.00,"2022-03-08"
"0050314419","6228151354183737",莫彼雪,"32092619800628351X","15961958711","""""","""""","0001",大额分期,活动,"20191212","12",100000.00,36,2777.78,27,24999.97,12000.00,0.00,12000.00,"2022-03-08"
"0050907601","6228151354967790",砭赃妇,"320982199211029372","13092654360","""""","""""","0001",大额分期,活动,"20201221","12",100000.00,36,2777.78,14,61111.08,12000.00,0.00,12000.00,"2022-03-08"
"0050768885","6228161392655380",易败淡,"540424199611193999","13404223541","""""","""""","0002",账单分期,活动,"20210830","08",2093.33,12,174.44,6,1046.67,146.53,73.27,73.26,"2022-03-08"
"0050259971","6228151354158606",边攫攫,"320982198612314321","15950329666","""""","""""","0001",大额分期,活动,"20191118","11",215000.00,36,5972.23,27,53750.02,25800.00,6450.03,19349.97,"2022-03-08"
"0050251433","6228151354163515",沮龄唐,"32092619750422039X","15950329758","""""","""""","0001",大额分期,活动,"20201119","11",100000.00,36,2777.78,15,58333.30,12000.00,0.00,12000.00,"2022-03-08"
"0051007567","6228151354958294",陶挝辱,"320982198201080698","13584776702","""""","""""","0001",大额分期,活动,"20210204","02",71600.00,36,1988.89,13,45744.43,8592.00,5489.41,3102.59,"2022-03-08"
"0000259408","6228159588777620",庞莲翔,"320982198906018616","15862051277","""""","""""","0001",大额分期,活动,"20201030","10",200000.00,36,5555.56,17,105555.54,24000.00,0.00,24000.00,"2022-03-08"
"0050194591","6228151354621280",丛候荔,"32098219860404371X","18261206210","""""","""""","0004",账单分期,活动,"20220211","02",1700.00,12,141.67,1,1558.33,119.00,109.09,9.91,"2022-03-08"
"0051130340","6228151354956306",俞芒粗,"341522200212031062","15857676930","""""","""""","0001",账单分期,活动,"20220125","01",1095.00,12,91.25,1,1003.75,76.65,70.27,6.38,"2022-03-08"
"0000013401","6228159390774625",贺败悲,"330604197904159396","13770248166","""""","""""","0001",大额分期,活动,"20191217","12",28000.00,36,777.78,27,6999.97,3360.00,0.00,3360.00,"2022-03-08"
"0050173041","6228151354691747",苗危跑,"330624198110075377","13770077262","""""","""""","0001",灵活分期,活动,"20211016","10",3800.00,12,316.67,5,2216.65,266.00,155.19,110.81,"2022-03-08"
"0050335293","6228151354128732",武枷,"320982199012119826","18651542956","""""","""""","0001",大额分期,活动,"20200309","03",240000.00,36,6666.66,24,79999.98,28800.00,9600.00,19200.00,"2022-03-08"
"0050270263","6228151354110466",宫茂,"330723198811226317","18705110809","""""","""""","0005",账单分期,活动,"20210520","05",10000.00,12,833.34,9,2500.00,700.00,0.00,700.00,"2022-03-08"
"0000409116","6228159858102624",向茂弯,"320982199203154624","15151088818","""""","""""","0005",账单分期,活动,"20220111","01",1851.00,12,154.25,2,1542.50,129.57,107.99,21.58,"2022-03-08"
"0050834134","6228151354962296",赖碾,"330624199605061385","15366587158","""""","""""","0001",大额分期,活动,"20201117","11",100000.00,36,2777.78,16,55555.52,12000.00,0.00,12000.00,"2022-03-08"
"0000455076","6228159882692624",贺唐,"320982199211234691","18551501598","""""","""""","0001",灵活分期,活动,"20201013","10",2000.00,24,83.34,17,583.34,288.00,0.00,288.00,"2022-03-08"
"0050309418","6228151354186623",贺勇奔,"320982199207110514","18352049092","""""","""""","0001",大额分期,活动,"20200427","04",45000.00,36,1250.00,22,17500.00,5400.00,0.00,5400.00,"2022-03-08"
"0050885181","6228151354963534",陶萨驳,"320926197611064628","18021892895","""""","""""","0001",大额分期,活动,"20201205","12",100000.00,36,2777.78,15,58333.30,12000.00,0.00,12000.00,"2022-03-08"
"0050602289","6228161392673847",向扎硫,"320982199903119395","15151086654","""""","""""","0001",灵活分期,活动,"20200823","08",4000.00,24,166.66,18,999.99,576.00,0.00,576.00,"2022-03-08"
"0050801973","6228151354962437",赖叫巡,"320926196909060561","18261200618","""""","""""","0001",大额分期,活动,"20201110","11",100000.00,36,2777.78,16,55555.52,12000.00,0.00,12000.00,"2022-03-08"
"0051181884","6228151354952552",桂宽涓,"320982198207174329","13405098020","""""","""""","0001",大额分期,活动,"20210828","08",220000.00,36,6111.11,6,183333.34,26400.00,0.00,26400.00,"2022-03-08"
"0000331846","6228159973512624",兰败唐,"320926198107249898","18261209477","""""","""""","0001",账单分期,活动,"20210524","05",2171.21,12,180.94,9,542.80,151.98,0.00,151.98,"2022-03-08"
"0050728684","6228161392665710",曲腿唐,"320982200005159374","19850739835","""""","""""","0001",账单分期,活动,"20210330","03",3600.00,12,300.00,11,300.00,252.00,0.00,252.00,"2022-03-08"
"0050887410","6228151354968566",关唐,"32098219860818179X","18352028157","""""","""""","0001",大额分期,活动,"20201214","12",90000.00,36,2500.00,15,52500.00,10800.00,0.00,10800.00,"2022-03-08"
"0050412193","6228151354141362",佟茂痴,"320911198904141420","15366595025","""""","""""","0001",大额分期,活动,"20200526","05",50000.00,36,1388.89,21,20833.31,6000.00,2500.05,3499.95,"2022-03-08"
"0050775803","6228161392610856",常稍咕,"320926197911099822","13914691234","""""","""""","0001",账单分期,活动,"20210511","05",1099.76,12,91.64,10,183.29,76.98,0.00,76.98,"2022-03-08"
"0050006953","6228151354679601",易候暗,"511224197402133063","15950320699","""""","""""","0001",大额分期,活动,"20210108","01",50000.00,36,1388.89,14,30555.54,6000.00,0.00,6000.00,"2022-03-08"
"0050239278","6228151354106688",贺耀唤,"320926197108035678","13814309720","""""","""""","0001",大额分期,活动,"20191226","12",28000.00,36,777.77,26,7777.75,2940.00,0.00,2940.00,"2022-03-08"
"0050085535","6228151354614228",臧吁颗,"320926197907281816","13861410082","""""","""""","0002",账单分期,活动,"20211110","11",1000.00,12,83.33,4,666.68,70.00,46.68,23.32,"2022-03-08"
"0000189504","6228159238476623",官邢罢,"32098219900612539X","17751056888","""""","""""","0001",大额分期,活动,"20201228","12",200000.00,36,5555.55,14,122222.21,24000.00,0.00,24000.00,"2022-03-08"
"0050314416","6228151354183729",洪截柔,"320926196512153399","13851008136","""""","""""","0001",大额分期,活动,"20191212","12",300000.00,36,8333.34,27,75000.01,36000.00,0.00,36000.00,"2022-03-08"
"0050639488","6228151354903217",贺穗,"320982198807300384","18761207286","""""","""""","0006",账单分期,新增的,"20220305","03",2715.00,3,905.00,0,2715.00,43.44,43.44,0.00,"2022-03-08"
"0000278180","6228159511120625",辛帐辱,"320982198409212397","15189286989","""""","""""","0001",大额分期,活动,"20201130","11",200000.00,36,5555.56,15,116666.65,24000.00,0.00,24000.00,"2022-03-08"
"0050708068","6228151354960134",葛缭缭,"330702199010188448","13951480303","""""","""""","0001",大额分期,活动,"20201010","10",135000.00,36,3750.00,17,71250.00,16200.00,0.00,16200.00,"2022-03-08"
"0000389048","6228159938617625",贺碘,"51112319920616621X","18352027522","""""","""""","0001",大额分期,活动,"20210517","05",50000.00,36,1388.89,10,36111.10,6000.00,0.00,6000.00,"2022-03-08"
"0050270263","6228151354110466",宫茂,"330723198811226317","18705110809","""""","""""","0006",账单分期,活动,"20211208","12",4900.00,6,816.67,3,2449.99,171.50,85.76,85.74,"2022-03-08"
"0000409116","6228159858102624",向茂弯,"320982199203154624","15151088818","""""","""""","0003",账单分期,活动,"20210711","07",2043.00,12,170.25,8,681.00,143.01,0.00,143.01,"2022-03-08"
"0050304943","6228151354184545",祁吉络,"320926197108060099","18261200365","""""","""""","0001",大额分期,活动,"20191202","12",93000.00,36,2583.34,27,23250.01,11160.00,0.00,11160.00,"2022-03-08"
"0000202284","6228159557926620",陶郊,"320982199704282712","18261206083","""""","""""","0012",账单分期,活动,"20210505","05",1371.64,12,114.30,10,228.61,96.01,0.00,96.01,"2022-03-08"
"0050868609","6228151354963401",曲溃碾,"320982199810141817","13851312035","""""","""""","0001",大额分期,活动,"20201201","12",150000.00,36,4166.67,15,87499.96,18000.00,0.00,18000.00,"2022-03-08"
"0050332627","6228151354128443",谷驻,"320926197403244683","15995178986","""""","""""","0001",大额分期,活动,"20200303","03",50000.00,36,1388.89,24,16666.64,6000.00,0.00,6000.00,"2022-03-08"
"0050781562","6228151354969366",官赴驻,"320926197108050958","15895165343","""""","""""","0001",大额分期,活动,"20201102","11",205000.00,36,5694.44,16,113888.90,24600.00,0.00,24600.00,"2022-03-08"
"0050989149","6228151354967634",霍杏宏,"330702196712028998","13815574898","""""","""""","0001",大额分期,活动,"20210225","02",72267.00,36,2007.42,12,48177.96,6142.70,4095.14,2047.56,"2022-03-08"
"0050260476","6228151354151528",鲁雪勇,"320982198308064399","13851311688","""""","""""","0001",大额分期,活动,"20200716","07",220000.00,36,6111.11,20,97777.80,26400.00,11733.40,14666.60,"2022-03-08"
"0000331846","6228159973512624",兰败唐,"320926198107249898","18261209477","""""","""""","0002",账单分期,活动,"20210809","08",2689.57,12,224.13,7,1120.66,188.27,0.00,188.27,"2022-03-08"
"0000029627","6228159328363624",贺赴庐,"320926196905295507","13337981912","""""","""""","0001",大额分期,活动,"20191210","12",300000.00,36,8333.34,27,75000.01,36000.00,0.00,36000.00,"2022-03-08"
"0050965737","6228161354674668",贺剑唐,"330723198407060773","18252207709","""""","""""","0004",账单分期,活动,"20211031","10",14966.00,12,1247.17,4,9977.32,1047.62,698.42,349.20,"2022-03-08"
"0000000505","6228159354479625",兰赴沿,"320926196401041298","13645108559","""""","""""","0004",账单分期,活动,"20211212","12",3177.70,12,264.81,3,2383.27,222.44,166.85,55.59,"2022-03-08"
"0050775803","6228161392610856",常稍咕,"320926197911099822","13914691234","""""","""""","0002",账单分期,活动,"20210524","05",8908.04,12,742.34,9,2227.00,623.56,0.00,623.56,"2022-03-08"
"0050709939","6228161392601160",常攻谤,"32098220001005039X","17626675490","""""","""""","0003",账单分期,活动,"20220202","02",1158.56,12,96.55,1,1062.01,81.10,74.35,6.75,"2022-03-08"
"0000311785","6228159993229621",文辱,"320982198910240711","13186453885","""""","""""","0003",账单分期,活动,"20210411","04",3959.66,12,329.98,11,329.97,277.18,0.00,277.18,"2022-03-08"
"0050956325","6228151354967311",辛鲟,"320982198704025703","18261206688","""""","""""","0001",大额分期,活动,"20210120","01",80000.00,36,2222.22,13,51111.14,9600.00,0.00,9600.00,"2022-03-08"
"0050287073","6228151354115929",常玥,"320982199006114703","18261211212","""""","""""","0001",大额分期,活动,"20200120","01",100000.00,36,2777.78,25,30555.52,12000.00,0.00,12000.00,"2022-03-08"
"0050143285","6228151354680922",乔珠龄,"320926197003058216","13815562338","""""","""""","0001",大额分期,活动,"20201124","11",100000.00,36,2777.78,15,58333.30,12000.00,0.00,12000.00,"2022-03-08"
"0000243735","6228159540259626",纪侨宏,"320926197011228617","18651760799","""""","""""","0001",大额分期,活动,"20191217","12",100000.00,36,2777.78,27,24999.97,12000.00,0.00,12000.00,"2022-03-08"
"0051078303","6228151354967709",丛柜,"320982198703141294","18036342666","""""","""""","0001",大额分期,活动,"20210429","04",160000.00,36,4444.44,10,115555.57,19200.00,0.00,19200.00,"2022-03-08"
"0050356251","6228151354121539",贺凹,"320982199701010391","13961953130","""""","""""","0001",大额分期,活动,"20200804","08",170000.00,36,4722.22,19,80277.82,20400.00,0.00,20400.00,"2022-03-08"
"0000250047","6228159584613621",易剑剑,"330723199108122908","15195134422","""""","""""","0013",账单分期,活动,"20211221","12",1366.20,3,455.40,2,455.40,21.86,7.29,14.57,"2022-03-08"
"0050258728","6228151354154761",邸汪,"32092619810826239X","18021898115","""""","""""","0005",账单分期,活动,"20220111","01",3690.00,6,615.00,2,2460.00,129.15,86.11,43.04,"2022-03-08"
"0050924107","6228151354967089",常宽乌,"320982199909292383","15396874599","""""","""""","0001",大额分期,活动,"20210106","01",130000.00,36,3611.11,14,79444.46,15600.00,0.00,15600.00,"2022-03-08"
"0050311282","6228151354189411",鲁驻勇,"320982198706211286","13914699919","""""","""""","0001",大额分期,活动,"20200828","08",150000.00,24,6250.00,18,37500.00,12000.00,3000.00,9000.00,"2022-03-08"
"0000202284","6228159557926620",陶郊,"320982199704282712","18261206083","""""","""""","0009",大额分期,活动,"20201105","11",70000.00,36,1944.44,16,38888.90,8400.00,0.00,8400.00,"2022-03-08"
"0000405198","6228159852147625",陶添唐,"320926197202299397","15251177090","""""","""""","0001",大额分期,活动,"20190408","04",88000.00,36,2444.45,35,2444.44,10560.00,0.00,10560.00,"2022-03-08"
"0050316092","6228151354187894",滕框慰,"320982198606103560","15851004567","""""","""""","0001",大额分期,活动,"20191216","12",94000.00,36,2611.11,27,23500.03,11280.00,2820.06,8459.94,"2022-03-08"
"0000458240","6228159881910621",明魔舰,"320926197301161270","13851005560","""""","""""","0001",大额分期,活动,"20190625","06",250000.00,36,6944.44,32,27777.78,30000.00,0.00,30000.00,"2022-03-08"
"0000251975","6228159583099624",易遵,"320926197803165714","15394677666","""""","""""","0001",大额分期,活动,"20190806","08",160000.00,36,4444.45,31,22222.22,19200.00,2666.70,16533.30,"2022-03-08"
"0050782489","6228161394657541",常圆危,"430105200005015396","15587080371","""""","""""","0003",账单分期,活动,"20210528","05",1667.00,12,138.92,9,416.74,116.69,0.00,116.69,"2022-03-08"
"0050919466","6228151354967949",嫁厅勇,"320982199001306394","15195169610","""""","""""","0001",大额分期,活动,"20201223","12",61000.00,36,1694.44,14,37277.79,7320.00,0.00,7320.00,"2022-03-08"
"0050323306","6228151354120895",卜患衬,"320982199205095648","15961953043","""""","""""","0001",大额分期,活动,"20210926","09",60000.00,36,1666.67,5,51666.65,7200.00,6200.00,1000.00,"2022-03-08"
"0000226633","6228159526351629",陶鹿痴,"32098219810920984X","18796533188","""""","""""","0008",账单分期,活动,"20211118","11",1536.00,6,256.00,3,768.00,53.76,26.88,26.88,"2022-03-08"
"0000491500","6228159863470628",毕昌宅,"330624199208138692","13390677917","""""","""""","0003",账单分期,活动,"20210712","07",1444.50,12,120.37,8,481.50,101.12,0.00,101.12,"2022-03-08"
"0050782489","6228161394657541",常圆危,"430105200005015396","15587080371","""""","""""","0002",账单分期,活动,"20210509","05",1726.00,12,143.83,10,287.67,120.82,0.00,120.82,"2022-03-08"
"0050310846","6228151354186961",陶帝魔,"320926196505071790","15962073266","""""","""""","0001",大额分期,活动,"20191210","12",50000.00,36,1388.89,27,12499.97,6000.00,0.00,6000.00,"2022-03-08"
"0050772939","6228161392610955",向败芒,"320982199907188611","18921827767","""""","""""","0003",账单分期,活动,"20210918","09",2684.22,12,223.69,5,1565.79,187.90,109.62,78.28,"2022-03-08"
"0051223992","6228151354952057",兰赴崎,"320926196901225739","13651582840","""""","""""","0001",大额分期,活动,"20211110","11",200000.00,36,5555.56,4,177777.76,18000.00,0.00,18000.00,"2022-03-08"
"0050709939","6228161392601160",常攻谤,"32098220001005039X","17626675490","""""","""""","0002",账单分期,活动,"20210518","05",1557.85,12,129.82,9,389.47,109.05,0.00,109.05,"2022-03-08"
"0050314914","6228151354187670",位姜,"320911199312031476","18724155168","""""","""""","0003",账单分期,活动,"20211027","10",1505.47,12,125.45,4,1003.64,105.38,70.26,35.12,"2022-03-08"
"0050157676","6228151354683165",盖篇骜,"330624198011059320","15805104667","""""","""""","0008",账单分期,新增的,"20220218","02",2567.00,6,427.83,0,2567.00,89.85,89.85,0.00,"2022-03-08"
"0050913261","6228151354967907",武茸,"320982198608208593","13770245578","""""","""""","0001",大额分期,活动,"20210108","01",140000.00,36,3888.89,14,85555.54,16800.00,10266.74,6533.26,"2022-03-08"
"0051231701","6228151354955480",贺贯沿,"433122197306229368","18312474156","""""","""""","0001",大额分期,活动,"20211202","12",72930.00,36,2025.83,3,66852.51,6199.05,5682.48,516.57,"2022-03-08"
"0051019515","6228151354958732",施筹碘,"320982199901319393","15371185550","""""","""""","0001",大额分期,活动,"20210222","02",80000.00,36,2222.22,12,53333.36,9600.00,0.00,9600.00,"2022-03-08"
"0000450578","6228159884497626",俞淡唤,"320982199211289879","15051090407","""""","""""","0001",大额分期,活动,"20190622","06",70000.00,36,1944.44,32,7777.78,6300.00,0.00,6300.00,"2022-03-08"
"0050954004","6228151354967840",庞液液,"320982199607138452","18361611150","""""","""""","0001",大额分期,活动,"20210125","01",106000.00,36,2944.45,13,67722.23,12720.00,0.00,12720.00,"2022-03-08"
"0050037355","6228151354668745",贺茸,"331003199503093366","15952672595","""""","""""","0002",账单分期,活动,"20210720","07",1218.00,12,101.50,7,507.50,85.26,0.00,85.26,"2022-03-08"
"0050373902","6228151354127742",霍灭,"320982199706059397","18762383223","""""","""""","0002",大额分期,活动,"20201214","12",50000.00,24,2083.34,15,18750.01,4000.00,0.00,4000.00,"2022-03-08"
"0000266518","6228159506407623",伍勇,"320982198802260512","15962076032","""""","""""","0002",大额分期,活动,"20210706","07",200000.00,24,8333.33,8,133333.36,12000.00,0.00,12000.00,"2022-03-08"
"0050407528","6228151354148896",武巡,"330624197412126390","15295309992","""""","""""","0001",大额分期,活动,"20200602","06",87809.00,36,2439.14,21,36587.06,7463.77,3109.95,4353.82,"2022-03-08"
"0050313390","6228151354182234",饶筹患,"320982198606056397","15061189322","""""","""""","0001",大额分期,活动,"20191209","12",60000.00,36,1666.67,27,14999.98,7200.00,0.00,7200.00,"2022-03-08"
"0000426779","6228159826295625",辛握驻,"320982199404162698","18082194681","""""","""""","0001",大额分期,活动,"20190612","06",140000.00,36,3888.89,33,11666.65,16800.00,0.00,16800.00,"2022-03-08"
"0000290677","6228159564393624",陶败植,"320982198905263695","15298587922","""""","""""","0005",账单分期,活动,"20220118","01",2500.00,3,833.33,1,1666.67,40.00,26.67,13.33,"2022-03-08"
"0000452946","6228159887012620",辛渣,"320926198106198021","13117563666","""""","""""","0001",大额分期,活动,"20190622","06",260000.00,36,7222.22,32,28888.90,31200.00,3466.68,27733.32,"2022-03-08"
"0000491500","6228159863470628",毕昌宅,"330624199208138692","13390677917","""""","""""","0002",账单分期,活动,"20210407","04",3908.60,12,325.72,11,325.71,273.60,0.00,273.60,"2022-03-08"
"0050864860","6228151354963682",常纭捷,"330701199708200174","18361099091","""""","""""","0001",大额分期,活动,"20201130","11",50000.00,36,1388.89,15,29166.65,6000.00,0.00,6000.00,"2022-03-08"
"0050722529","6228151354960886",沿滨枷,"320982199505264343","18361251796","""""","""""","0001",大额分期,活动,"20201020","10",50000.00,24,2083.33,16,16666.68,4000.00,0.00,4000.00,"2022-03-08"
"0000292031","6228159567654626",向鹿妻,"320982198206124696","13401718800","""""","""""","0001",大额分期,活动,"20191216","12",200000.00,36,5555.56,27,49999.99,24000.00,6000.03,17999.97,"2022-03-08"
"0000457898","6228159885547627",章斜,"320982198707261226","15151085261","""""","""""","0001",大额分期,活动,"20190625","06",124000.00,36,3444.44,32,13777.78,14880.00,0.00,14880.00,"2022-03-08"
"0000317462","6228159995788624",祁瑟溃,"320982199207016798","18105113021","""""","""""","0001",账单分期,活动,"20211111","11",3953.70,6,658.95,4,1317.90,138.38,46.14,92.24,"2022-03-08"
"0050842036","6228151354962924",明搭搭,"320982198610204719","18761208120","""""","""""","0001",大额分期,活动,"20201123","11",100000.00,36,2777.78,15,58333.30,12000.00,0.00,12000.00,"2022-03-08"
"0050157676","6228151354683165",盖篇骜,"330624198011059320","15805104667","""""","""""","0007",账单分期,活动,"20211123","11",1663.00,6,277.17,3,831.49,58.21,29.11,29.10,"2022-03-08"
"0000307431","6228159955754624",项恒沿,"32092619750521432X","13813414077","""""","""""","0002",账单分期,活动,"20220207","02",1700.00,3,566.67,1,1133.33,27.20,18.14,9.06,"2022-03-08"
"0050139022","6228151354635736",陶束苛,"320982199106044714","15722588890","""""","""""","0004",大额分期,活动,"20200602","06",89513.00,36,2486.48,21,37297.12,7608.61,3170.26,4438.35,"2022-03-08"
"0051185734","6228151354953980",倪碗袖,"320911198709032990","18068860662","""""","""""","0001",大额分期,活动,"20211012","10",57487.00,36,1596.86,5,49502.70,4886.40,4207.75,678.65,"2022-03-08"
"0050387324","6228151354140935",祝雪,"330326196502044390","18020351399","""""","""""","0001",大额分期,活动,"20200507","05",370000.00,36,10277.77,22,143888.85,44400.00,17266.74,27133.26,"2022-03-08"
"0050954004","6228151354967840",庞液液,"320982199607138452","18361611150","""""","""""","0002",账单分期,活动,"20211212","12",2000.00,6,333.34,3,1000.00,70.00,35.01,34.99,"2022-03-08"
"0050324319","6228151354195079",庞搭,"32098219890607989X","18851481288","""""","""""","0001",大额分期,活动,"20200320","03",75000.00,36,2083.34,23,27083.35,9000.00,0.00,9000.00,"2022-03-08"
"0050200460","6228151354622247",陶鹿瘫,"330782197408154304","18961991718","""""","""""","0004",账单分期,活动,"20211018","10",12600.00,12,1050.00,4,8400.00,882.00,588.00,294.00,"2022-03-08"
"0000266518","6228159506407623",伍勇,"320982198802260512","15962076032","""""","""""","0001",大额分期,活动,"20210116","01",120000.00,24,5000.00,14,50000.00,7200.00,0.00,7200.00,"2022-03-08"
"0000400681","6228159854324628",陶莹,"320926195809019399","13905112883","""""","""""","0001",大额分期,活动,"20190411","04",170000.00,36,4722.23,35,4722.22,15300.00,0.00,15300.00,"2022-03-08"
"0050627269","6228161392675685",丛缅,"320982198909119391","18601506846","""""","""""","0001",账单分期,活动,"20210808","08",3600.00,12,300.00,7,1500.00,252.00,0.00,252.00,"2022-03-08"
"0050178199","6228151354692984",常绿搭,"320926196607024098","13770281688","""""","""""","0001",账单分期,活动,"20210710","07",1499.32,12,124.94,8,499.78,104.95,0.00,104.95,"2022-03-08"
"0050511754","6228151354970307",车擅厦,"330201199302103094","13771185484","""""","""""","0001",大额分期,活动,"20200720","07",90000.00,36,2500.00,19,42500.00,10800.00,0.00,10800.00,"2022-03-08"
"0050808340","6228151354962494",贺韶,"320982199707139823","15298580800","""""","""""","0001",大额分期,活动,"20201127","11",150000.00,36,4166.67,15,87499.96,18000.00,10500.00,7500.00,"2022-03-08"
"0050253253","6228161354670047",邸危庐,"320926197109181298","13851017650","""""","""""","0001",大额分期,活动,"20191014","10",360000.00,36,10000.00,29,70000.00,43200.00,8400.00,34800.00,"2022-03-08"
"0050323158","6228151354120531",时鹿辟,"320982199210234390","13814304749","""""","""""","0001",大额分期,活动,"20200103","01",250000.00,36,6944.44,26,69444.45,30000.00,0.00,30000.00,"2022-03-08"
"0051106456","6228151354956934",赖碗,"320982198505132717","13401713670","""""","""""","0001",大额分期,活动,"20210517","05",80000.00,36,2222.22,10,57777.80,7200.00,0.00,7200.00,"2022-03-08"
"0050627269","6228161392675685",丛缅,"320982198909119391","18601506846","""""","""""","0002",账单分期,活动,"20220110","01",1425.36,12,118.78,2,1187.80,99.78,83.16,16.62,"2022-03-08"
"0050466230","6228151354143954",常尺秸,"330726197903098898","17352339221","""""","""""","0001",大额分期,活动,"20200710","07",62162.00,36,1726.72,20,27627.60,5283.77,2348.37,2935.40,"2022-03-08"
"0050317065","6228151354185765",乔罢,"320982199212254512","13913744324","""""","""""","0001",大额分期,活动,"20191216","12",50000.00,36,1388.89,27,12499.97,6000.00,0.00,6000.00,"2022-03-08"
"0000349327","6228159948863623",屈筹辟,"320982198811200693","15298580080","""""","""""","0001",账单分期,新增的,"20220303","03",2894.38,3,964.79,0,2894.38,46.31,46.31,0.00,"2022-03-08"
"0050522436","6228151354976452",贺痴,"330702199307305844","15751114333","""""","""""","0001",大额分期,活动,"20200723","07",270000.00,36,7500.00,19,127500.00,32400.00,15300.00,17100.00,"2022-03-08"
"0050168445","6228151354698445",易腐贯,"320926196503209880","13705112498","""""","""""","0001",大额分期,活动,"20200415","04",150000.00,36,4166.67,23,54166.64,18000.00,0.00,18000.00,"2022-03-08"
"0050322054","6228151354197232",庞败唐,"320982198310271223","15862058828","""""","""""","0001",大额分期,活动,"20201116","11",100000.00,36,2777.78,16,55555.52,12000.00,0.00,12000.00,"2022-03-08"
"0000409890","6228159858540625",辛夕斩,"320911198309291328","18261206101","""""","""""","0001",大额分期,活动,"20191216","12",100000.00,36,2777.78,27,24999.97,12000.00,0.00,12000.00,"2022-03-08"
"0000298108","6228159561177624",章吁,"320982198912224512","18761200580","""""","""""","0001",大额分期,活动,"20191018","10",300000.00,36,8333.33,28,66666.68,36000.00,8000.00,28000.00,"2022-03-08"
"0050359493","6228151354123188",伏夷舰,"330624196602108690","15189211558","""""","""""","0001",大额分期,活动,"20200324","03",238000.00,36,6611.11,23,85944.47,28560.00,0.00,28560.00,"2022-03-08"
"0050855462","6228151354962858",易爹趋,"32091119730801149X","13705103320","""""","""""","0001",大额分期,活动,"20201130","11",100000.00,24,4166.67,15,37499.98,8000.00,0.00,8000.00,"2022-03-08"
"0050551449","6228161392674605",管旬,"320982198806079390","15396875866","""""","""""","0004",账单分期,活动,"20211012","10",5000.00,6,833.34,5,833.33,175.00,29.17,145.83,"2022-03-08"
"0051256495","6228151354957163",常瘫,"330701197802250822","13851315533","""""","""""","0001",大额分期,活动,"20220128","01",150000.00,36,4166.67,1,145833.33,18000.00,17500.00,500.00,"2022-03-08"
"0051268318","6228151354910816",霍腔,"320926196311293563","13962093758","""""","""""","0001",大额分期,活动,"20220129","01",100000.00,36,2777.78,1,97222.22,12000.00,11666.67,333.33,"2022-03-08"
"0051126870","6228151354956389",屈茂植,"320926197208172717","13914697936","""""","""""","0001",大额分期,活动,"20210618","06",80000.00,36,2222.22,8,62222.24,9600.00,7466.72,2133.28,"2022-03-08"
"0050314437","6228151354183752",伍吁龄,"320982198406201211","18796520767","""""","""""","0001",大额分期,活动,"20191212","12",100000.00,36,2777.78,27,24999.97,12000.00,0.00,12000.00,"2022-03-08"
"0050003951","6228151354678876",文乌,"330624199601071391","17660630004","""""","""""","0005",账单分期,活动,"20210618","06",3216.00,12,268.00,8,1072.00,225.12,0.00,225.12,"2022-03-08"
"0000290489","6228159564725627",易淡辟,"320911198808154299","13515138525","""""","""""","0004",灵活分期,活动,"20201002","10",4200.00,24,175.00,17,1225.00,604.80,0.00,604.80,"2022-03-08"
"0050213756","6228151354649315",常俗剑,"320926198102093505","13770240813","""""","""""","0001",灵活分期,活动,"20211009","10",2980.00,12,248.34,5,1738.34,208.60,121.70,86.90,"2022-03-08"
"0050523077","6228151354976809",兰剑垂,"320911198006068794","15005107563","""""","""""","0002",账单分期,活动,"20210818","08",2187.00,12,182.25,6,1093.50,153.09,0.00,153.09,"2022-03-08"
"0000274776","6228159519292624",霍铲,"320982199710100698","15724846405","""""","""""","0001",大额分期,活动,"20201124","11",200000.00,36,5555.56,15,116666.65,24000.00,0.00,24000.00,"2022-03-08"
"0050203294","6228151354623443",武颜绒,"350206198312193696","15715617821","""""","""""","0002",账单分期,活动,"20210519","05",1440.00,12,120.00,9,360.00,100.80,0.00,100.80,"2022-03-08"
"0050846082","6228151354962973",纪莲衡,"320926196212311818","17768971688","""""","""""","0001",大额分期,活动,"20201125","11",300000.00,36,8333.34,15,175000.03,36000.00,0.00,36000.00,"2022-03-08"
"0050729993","6228161392650811",车鹿络,"210905197805039394","15849838910","""""","""""","0004",账单分期,活动,"20211210","12",1411.19,6,235.20,3,705.59,49.39,24.70,24.69,"2022-03-08"
"0051134122","6228151354956348",贺囊唐,"320911199509241493","18361069694","""""","""""","0001",账单分期,活动,"20210721","07",1800.00,12,150.00,7,750.00,126.00,0.00,126.00,"2022-03-08"
"0000393281","6228159960924626",芦洼礼,"320926196912235713","13962047272","""""","""""","0001",大额分期,活动,"20190321","03",150000.00,36,4166.67,35,4166.66,18000.00,0.00,18000.00,"2022-03-08"
"0050209736","6228151354648762",易赴,"420607198601215528","18761207897","""""","""""","0001",大额分期,活动,"20191203","12",40000.00,36,1111.11,27,10000.03,4800.00,0.00,4800.00,"2022-03-08"
"0050968264","6228151354954103",武邢,"320926197412200391","18961952447","""""","""""","0001",大额分期,活动,"20210119","01",70000.00,36,1944.45,13,44722.23,8400.00,0.00,8400.00,"2022-03-08"
"0050390238","6228151354122826",毕妹弯,"35012519910605532X","13770249021","""""","""""","0002",大额分期,活动,"20201202","12",200000.00,36,5555.56,15,116666.65,24000.00,0.00,24000.00,"2022-03-08"
"0000404435","6228159859759620",武剑汪,"320982199106061119","18861951231","""""","""""","0002",账单分期,活动,"20220111","01",7489.00,6,1248.17,2,4992.66,262.12,174.76,87.36,"2022-03-08"
"0000006631","6228159356354628",施婚绮,"320926197310142696","13851016868","""""","""""","0007",大额分期,活动,"20210416","04",300000.00,36,8333.33,11,208333.37,36000.00,0.00,36000.00,"2022-03-08"
"0050253692","6228151354167730",贺瀚抹,"320982200011091812","17551567217","""""","""""","0004",账单分期,活动,"20210603","06",1344.00,12,112.00,9,336.00,94.08,0.00,94.08,"2022-03-08"
"0050523077","6228151354976809",兰剑垂,"320911198006068794","15005107563","""""","""""","0004",账单分期,活动,"20220123","01",1489.15,3,496.38,1,992.77,23.83,15.89,7.94,"2022-03-08"
"0050213549","6228151354649448",耿烦姜,"330727197304179393","13770070418","""""","""""","0001",大额分期,活动,"20201130","11",200000.00,36,5555.56,15,116666.65,24000.00,0.00,24000.00,"2022-03-08"
"0000287331","6228159535854621",贺斩,"320982198304273628","17191707000","""""","""""","0004",账单分期,活动,"20210930","09",3700.00,12,308.34,5,2158.34,259.00,151.10,107.90,"2022-03-08"
"0000471131","6228159813154629",贺汞,"320982198908084502","13645109085","""""","""""","0002",大额分期,活动,"20190730","07",277000.00,36,7694.45,31,38472.22,33240.00,4616.70,28623.30,"2022-03-08"
"0050729993","6228161392650811",车鹿络,"210905197805039394","15849838910","""""","""""","0005",账单分期,新增的,"20220308","03",1450.81,6,241.80,0,1450.81,50.78,50.78,0.00,"2022-03-08"
"0000310623","6228159994361621",颜篇患,"142229198801184990","17712523680","""""","""""","0003",账单分期,活动,"20220107","01",4400.00,6,733.33,2,2933.34,154.00,102.68,51.32,"2022-03-08"
"0050652866","6228151354905543",曲吁,"320926196911229346","13390696881","""""","""""","0001",大额分期,活动,"20200912","09",60000.00,24,2500.00,18,15000.00,4800.00,0.00,4800.00,"2022-03-08"
"0050089498","6228151354618161",贺挫骜,"320982198804049841","15851014344","""""","""""","0002",大额分期,活动,"20210203","02",200000.00,36,5555.56,13,127777.76,24000.00,0.00,24000.00,"2022-03-08"
"0000510632","6228159694358620",卫翩,"320982199610050398","15295543462","""""","""""","0001",大额分期,活动,"20190709","07",109000.00,36,3027.77,32,12111.10,13080.00,1453.36,11626.64,"2022-03-08"
"0000024951","6228159329034620",耿络,"320926196406049897","13905113658","""""","""""","0001",账单分期,活动,"20210818","08",3446.00,12,287.16,6,1722.99,241.22,0.00,241.22,"2022-03-08"
"0050752154","6228151354969689",向宜溃,"330701199507241789","18994847162","""""","""""","0001",大额分期,活动,"20201110","11",68750.00,36,1909.72,16,38194.48,5843.75,3246.60,2597.15,"2022-03-08"
"0000265305","6228159502879627",章闭溶,"320926197504039013","15358272267","""""","""""","0002",大额分期,活动,"20191017","10",300000.00,36,8333.34,29,58333.34,36000.00,7000.00,29000.00,"2022-03-08"
"0000500233","6228159654951620",梅宜搭,"320982198805058619","13815566097","""""","""""","0002",账单分期,活动,"20210318","03",3722.00,12,310.17,11,310.16,260.54,0.00,260.54,"2022-03-08"
"0050897885","6228151354961926",魏宏唐,"320926196908089899","18961951020","""""","""""","0001",大额分期,活动,"20210112","01",70000.00,36,1944.44,14,42777.79,8400.00,0.00,8400.00,"2022-03-08"
"0050991759","6228151354954467",戚叙叙,"320982199610303391","17388002663","""""","""""","0001",大额分期,活动,"20210127","01",150000.00,36,4166.67,13,95833.29,18000.00,0.00,18000.00,"2022-03-08"
"0051223790","6228151354957338",戚茅娘,"320982200212230399","13046513105","""""","""""","0004",灵活分期,活动,"20220113","01",1792.00,24,74.67,2,1642.66,258.05,236.55,21.50,"2022-03-08"
"0050733919","6228151354968772",芦胆唐,"440183199004234795","15861956025","""""","""""","0001",大额分期,活动,"20201019","10",50000.00,24,2083.33,16,16666.68,4000.00,0.00,4000.00,"2022-03-08"
"0050277356","6228151354116968",常抡,"330624199004133697","13914641717","""""","""""","0001",账单分期,活动,"20220110","01",5400.00,6,900.00,2,3600.00,189.00,126.00,63.00,"2022-03-08"
"0050795344","6228151354962668",易囚,"32098219980511980X","15251175511","""""","""""","0001",大额分期,活动,"20201117","11",48400.00,24,2016.66,16,16133.32,2904.00,0.00,2904.00,"2022-03-08"
"0051223790","6228151354957338",戚茅娘,"320982200212230399","13046513105","""""","""""","0003",灵活分期,活动,"20220105","01",1892.00,24,78.83,2,1734.34,272.45,249.75,22.70,"2022-03-08"
"0050897102","6228151354966032",官卿,"320926197110042703","15061601333","""""","""""","0001",大额分期,活动,"20210101","01",40000.00,36,1111.11,14,24444.46,4800.00,0.00,4800.00,"2022-03-08"
"0000400456","6228159854732622",纪萍,"320982198606258079","15961959850","""""","""""","0001",大额分期,活动,"20200421","04",80000.00,36,2222.22,22,31111.15,9600.00,0.00,9600.00,"2022-03-08"
"0050864994","6228151354963690",常颇茸,"320982198711239398","18651766784","""""","""""","0005",账单分期,活动,"20211008","10",2052.93,12,171.08,5,1197.53,143.71,83.86,59.85,"2022-03-08"
"0000007908","6228159355077626",贺魔,"320926197810259399","13705113513","""""","""""","0001",大额分期,活动,"20210107","01",250000.00,36,6944.44,14,152777.79,30000.00,18333.38,11666.62,"2022-03-08"
"0050310869","6228151354186029",洪粗,"320982199107189392","18071659993","""""","""""","0002",大额分期,活动,"20200311","03",85000.00,36,2361.11,24,28333.36,10200.00,0.00,10200.00,"2022-03-08"
"0050466246","6228151354143962",向钟,"330723198908150777","18305105233","""""","""""","0001",大额分期,活动,"20200715","07",79567.00,36,2210.19,20,35363.12,6763.20,3005.92,3757.28,"2022-03-08"
"0050641215","6228151354909032",季蹄,"320982198406212519","13851009898","""""","""""","0001",大额分期,活动,"20210622","06",120000.00,36,3333.33,8,93333.36,14400.00,11200.00,3200.00,"2022-03-08"
"0050310869","6228151354186029",洪粗,"320982199107189392","18071659993","""""","""""","0001",大额分期,活动,"20191219","12",50000.00,36,1388.89,26,13888.86,6000.00,0.00,6000.00,"2022-03-08"
"0000259420","6228159588760626",庞勇,"320926197902074391","13222337111","""""","""""","0001",大额分期,活动,"20210602","06",150000.00,36,4166.67,9,112499.97,18000.00,13500.00,4500.00,"2022-03-08"
"0051004625","6228151354958245",常巍,"320982199401069017","17712506664","""""","""""","0001",大额分期,活动,"20210208","02",60000.00,36,1666.67,13,38333.29,7200.00,4600.00,2600.00,"2022-03-08"
"0050864994","6228151354963690",常颇茸,"320982198711239398","18651766784","""""","""""","0006",账单分期,活动,"20220111","01",1602.40,12,133.53,2,1335.34,112.17,93.49,18.68,"2022-03-08"
"0051266214","6228151354910824",赖患,"320911197810055674","15851081318","""""","""""","0001",大额分期,活动,"20220128","01",64800.00,36,1800.00,1,63000.00,7776.00,7560.00,216.00,"2022-03-08"
"0050700395","6228151354905311",常符伯,"320982198810140502","15862073717","""""","""""","0001",大额分期,活动,"20200924","09",55000.00,24,2291.67,17,16041.65,4400.00,0.00,4400.00,"2022-03-08"
"0050319119","6228151354194346",乔亦珲,"320926197411119399","13179343888","""""","""""","0001",大额分期,活动,"20191217","12",100000.00,36,2777.78,27,24999.97,12000.00,0.00,12000.00,"2022-03-08"
"0050645260","6282261394676195",鲁眩斤,"320926197005312513","15061182008","""""","""""","0008",账单分期,活动,"20220209","02",22000.00,3,7333.33,1,14666.67,352.00,234.67,117.33,"2022-03-08"
"0050864994","6228151354963690",常颇茸,"320982198711239398","18651766784","""""","""""","0001",大额分期,活动,"20201130","11",100000.00,36,2777.78,15,58333.30,12000.00,0.00,12000.00,"2022-03-08"
"0050834158","6228151354962528",兰婚络,"320911197111064897","13770033005","""""","""""","0001",大额分期,活动,"20201119","11",150000.00,24,6250.00,15,56250.00,12000.00,0.00,12000.00,"2022-03-08"
"0000288765","6228159531289624",赖骆,"320982198407092627","15962070500","""""","""""","0002",大额分期,活动,"20200728","07",300000.00,36,8333.34,19,141666.69,36000.00,0.00,36000.00,"2022-03-08"
"0050755182","6228151354961827",兰莲焕,"320982199205089395","15151816561","""""","""""","0001",大额分期,活动,"20201106","11",80000.00,36,2222.22,16,44444.48,9600.00,0.00,9600.00,"2022-03-08"
"0050864994","6228151354963690",常颇茸,"320982198711239398","18651766784","""""","""""","0004",账单分期,活动,"20210706","07",1244.93,12,103.74,8,414.98,87.15,0.00,87.15,"2022-03-08"
"0000288765","6228159531289624",赖骆,"320982198407092627","15962070500","""""","""""","0001",大额分期,活动,"20191217","12",220000.00,36,6111.11,27,55000.03,26400.00,0.00,26400.00,"2022-03-08"
"0050197568","6228151354629143",卜耗睦,"321083198107155583","15950299111","""""","""""","0001",大额分期,活动,"20201130","11",200000.00,36,5555.56,15,116666.65,24000.00,0.00,24000.00,"2022-03-08"
"0050577554","6228151354906426",尤雪汪,"32098219951210038X","15394663527","""""","""""","0001",大额分期,活动,"20200819","08",50000.00,24,2083.33,18,12500.01,4000.00,0.00,4000.00,"2022-03-08"
"0000279573","6228159518491623",向刺络,"320926197006015764","13382625949","""""","""""","0014",账单分期,活动,"20220207","02",1080.00,3,360.00,1,720.00,17.28,11.52,5.76,"2022-03-08"
"0050373519","6228151354127577",曲麦缭,"320982199106141805","13813411544","""""","""""","0001",大额分期,活动,"20200423","04",110000.00,36,3055.55,22,42777.77,13200.00,0.00,13200.00,"2022-03-08"
"0050928367","6228151354967014",文妇,"320926196910050280","18361198399","""""","""""","0001",大额分期,活动,"20210106","01",100000.00,24,4166.66,14,41666.65,8000.00,0.00,8000.00,"2022-03-08"
"0000279573","6228159518491623",向刺络,"320926197006015764","13382625949","""""","""""","0015",账单分期,新增的,"20220308","03",1616.00,3,538.67,0,1616.00,25.86,25.86,0.00,"2022-03-08"
"0000279573","6228159518491623",向刺络,"320926197006015764","13382625949","""""","""""","0013",账单分期,活动,"20220109","01",2800.00,3,933.34,2,933.33,44.80,14.94,29.86,"2022-03-08"
"0051219596","6228151354957841",赖碗衡,"31023019900809499X","18019241125","""""","""""","0001",大额分期,活动,"20211014","10",380000.00,36,10555.56,5,327222.20,45600.00,39266.70,6333.30,"2022-03-08"
"0050775781","6228161392610815",易邢乌,"32092619721218469X","18068851111","""""","""""","0003",灵活分期,活动,"20211210","12",5879.00,12,489.92,3,4409.24,411.53,308.66,102.87,"2022-03-08"
"0050775781","6228161392610815",易邢乌,"32092619721218469X","18068851111","""""","""""","0001",账单分期,活动,"20210918","09",6300.00,12,525.00,5,3675.00,441.00,257.25,183.75,"2022-03-08"
"0050775781","6228161392610815",易邢乌,"32092619721218469X","18068851111","""""","""""","0002",灵活分期,活动,"20211015","10",5000.00,24,208.33,5,3958.35,720.00,570.00,150.00,"2022-03-08"
"0051239232","6228151354952628",殷雪贯,"320525197106208290","13806253307","""""","""""","0001",大额分期,活动,"20211230","12",300000.00,36,8333.33,2,283333.34,36000.00,0.00,36000.00,"2022-03-08"
